=== riir-instinct arena — the Reflex · instinct GOAT run ===
datasets: ../riir-reflex/.raw/datasets_t20k · winners: ../riir-train/data/instinct_specialists · out: .benchmarks/004_rebaseline_current_reflex · top_k 8
box: power Some("AC Power") · powermode Some("high") · load1m Some(5.28) · swap_mb Some(1882.19) · quotable Some(true) · refusals []
--- ag_news ---
  seat: 400 test cases · 200 cal cases · 4 labels · pool 19800 docs
    head-select: stratified slice 200 case(s); corpora pool 19800 → 19600 doc(s)
    head-select: scale 0 → sel-slice acc 0.3900
    head-select: scale 0.25 → sel-slice acc 0.4150
    head-select: scale 0.5 → sel-slice acc 0.4100
    head-select: scale 1 → sel-slice acc 0.4050
    head-select: selected 0 — the suite's row below is the single test read, at this posture
    nb-select: stratified slice 200 case(s); corpora pool 19800 → 19600 doc(s)
    nb-select: scale 0 (off) → sel-slice acc 0.3900
    nb-select: scale 1 α observed-laplace noul-yes None view bag → sel-slice acc 0.7000
    nb-select: scale 4 α observed-laplace noul-yes None view bag → sel-slice acc 0.7450
    nb-select: scale 16 α observed-laplace noul-yes None view bag → sel-slice acc 0.7450
    nb-select: scale 32 α observed-laplace noul-yes None view bag → sel-slice acc 0.7450
    nb-select: scale 64 α observed-laplace noul-yes None view bag → sel-slice acc 0.7450
    nb-select: scale 1 α fixed-1 noul-yes None view bag → sel-slice acc 0.7000
    nb-select: scale 4 α fixed-1 noul-yes None view bag → sel-slice acc 0.7450
    nb-select: scale 16 α fixed-1 noul-yes None view bag → sel-slice acc 0.7450
    nb-select: scale 32 α fixed-1 noul-yes None view bag → sel-slice acc 0.7450
    nb-select: scale 64 α fixed-1 noul-yes None view bag → sel-slice acc 0.7450
    nb-select: selected scale 4 α observed-laplace noul-yes None — the suite's row below is the single test read, at this posture
    ridge-select: stratified slice 200 case(s); corpora pool 19800 → 19600 doc(s)
    ridge-select: scale 0 (off) → sel-slice acc 0.7450
[nb_ridge] tokenize+counts 0.0s (19600 docs, 4 classes)
[nb_ridge] solve class 0 0.2s (cumulative)
[nb_ridge] solve class 1 0.3s (cumulative)
[nb_ridge] solve class 2 0.5s (cumulative)
[nb_ridge] solve class 3 0.6s (cumulative)
    ridge-select: scale 0.5 → sel-slice acc 0.7350
[nb_ridge] tokenize+counts 0.0s (19600 docs, 4 classes)
[nb_ridge] solve class 0 0.2s (cumulative)
[nb_ridge] solve class 1 0.3s (cumulative)
[nb_ridge] solve class 2 0.5s (cumulative)
[nb_ridge] solve class 3 0.6s (cumulative)
    ridge-select: scale 1 → sel-slice acc 0.7350
[nb_ridge] tokenize+counts 0.0s (19600 docs, 4 classes)
[nb_ridge] solve class 0 0.2s (cumulative)
[nb_ridge] solve class 1 0.3s (cumulative)
[nb_ridge] solve class 2 0.5s (cumulative)
[nb_ridge] solve class 3 0.6s (cumulative)
    ridge-select: scale 2 → sel-slice acc 0.7400
[nb_ridge] tokenize+counts 0.0s (19600 docs, 4 classes)
[nb_ridge] solve class 0 0.2s (cumulative)
[nb_ridge] solve class 1 0.4s (cumulative)
[nb_ridge] solve class 2 0.5s (cumulative)
[nb_ridge] solve class 3 0.6s (cumulative)
    ridge-select: scale 4 → sel-slice acc 0.7350
[nb_ridge] tokenize+counts 0.0s (19600 docs, 4 classes)
[nb_ridge] solve class 0 0.2s (cumulative)
[nb_ridge] solve class 1 0.3s (cumulative)
[nb_ridge] solve class 2 0.5s (cumulative)
[nb_ridge] solve class 3 0.6s (cumulative)
    ridge-select: scale 8 → sel-slice acc 0.7400
    ridge-select: selected 0 — the suite's row below is the single test read, at this posture
  posture: cap 64 · head 0.00 · nb 4.00 · ridge 0.00 · gates 0.011/0.411
  winner: ../riir-train/data/instinct_specialists/ag_news_winner_v1.bin (4 labels, BLAKE3 seal verified)
  instrument: rank-0 10/48 · registered H2(β=0.25,nmin=2,τ=2)
  test: A0 0.8825 · A1 0.8875 · H1 0.8950 · pick H2(β=0.25,nmin=2,τ=2) → 0.8975
  T2 superiority: H2(β=0.25,nmin=2,τ=2) − A0 mean +0.0150 · LB95 -0.0100 > 0 → REFUSED → A0 serves
  fusion overhead: H1 full decision 24 ns/q (fusion-only 12 ns/q) · H2 fusion 2.56 ns/option
  G1: raw 0.0133 · platt 0.0324 · floor 0.3066 → FAIL
  G5: budget face: A1−arm UB95 +0.0020 ≤ δ 0.0175 (quality face missed: LB 0.8639 vs 0.8875) → PASS
--- emotion ---
  seat: 400 test cases · 200 cal cases · 6 labels · pool 15800 docs
    head-select: stratified slice 200 case(s); corpora pool 15800 → 15600 doc(s)
    head-select: scale 0 → sel-slice acc 0.1950
    head-select: scale 0.25 → sel-slice acc 0.2100
    head-select: scale 0.5 → sel-slice acc 0.2300
    head-select: scale 1 → sel-slice acc 0.2350
    head-select: selected 0 — the suite's row below is the single test read, at this posture
    nb-select: stratified slice 200 case(s); corpora pool 15800 → 15600 doc(s)
    nb-select: scale 0 (off) → sel-slice acc 0.1950
    nb-select: scale 1 α observed-laplace noul-yes None view bag → sel-slice acc 0.5350
    nb-select: scale 4 α observed-laplace noul-yes None view bag → sel-slice acc 0.5500
    nb-select: scale 16 α observed-laplace noul-yes None view bag → sel-slice acc 0.5500
    nb-select: scale 32 α observed-laplace noul-yes None view bag → sel-slice acc 0.5500
    nb-select: scale 64 α observed-laplace noul-yes None view bag → sel-slice acc 0.5500
    nb-select: scale 1 α fixed-1 noul-yes None view bag → sel-slice acc 0.4650
    nb-select: scale 4 α fixed-1 noul-yes None view bag → sel-slice acc 0.4850
    nb-select: scale 16 α fixed-1 noul-yes None view bag → sel-slice acc 0.4850
    nb-select: scale 32 α fixed-1 noul-yes None view bag → sel-slice acc 0.4850
    nb-select: scale 64 α fixed-1 noul-yes None view bag → sel-slice acc 0.4850
    nb-select: selected scale 4 α observed-laplace noul-yes None — the suite's row below is the single test read, at this posture
    ridge-select: stratified slice 200 case(s); corpora pool 15800 → 15600 doc(s)
    ridge-select: scale 0 (off) → sel-slice acc 0.5500
[nb_ridge] tokenize+counts 0.0s (15600 docs, 6 classes)
[nb_ridge] solve class 0 0.2s (cumulative)
[nb_ridge] solve class 1 0.3s (cumulative)
[nb_ridge] solve class 2 0.4s (cumulative)
[nb_ridge] solve class 3 0.6s (cumulative)
[nb_ridge] solve class 4 0.7s (cumulative)
[nb_ridge] solve class 5 0.8s (cumulative)
    ridge-select: scale 0.5 → sel-slice acc 0.5800
[nb_ridge] tokenize+counts 0.0s (15600 docs, 6 classes)
[nb_ridge] solve class 0 0.2s (cumulative)
[nb_ridge] solve class 1 0.3s (cumulative)
[nb_ridge] solve class 2 0.4s (cumulative)
[nb_ridge] solve class 3 0.6s (cumulative)
[nb_ridge] solve class 4 0.7s (cumulative)
[nb_ridge] solve class 5 0.8s (cumulative)
    ridge-select: scale 1 → sel-slice acc 0.6400
[nb_ridge] tokenize+counts 0.0s (15600 docs, 6 classes)
[nb_ridge] solve class 0 0.2s (cumulative)
[nb_ridge] solve class 1 0.3s (cumulative)
[nb_ridge] solve class 2 0.4s (cumulative)
[nb_ridge] solve class 3 0.5s (cumulative)
[nb_ridge] solve class 4 0.7s (cumulative)
[nb_ridge] solve class 5 0.8s (cumulative)
    ridge-select: scale 2 → sel-slice acc 0.6900
[nb_ridge] tokenize+counts 0.0s (15600 docs, 6 classes)
[nb_ridge] solve class 0 0.2s (cumulative)
[nb_ridge] solve class 1 0.3s (cumulative)
[nb_ridge] solve class 2 0.4s (cumulative)
[nb_ridge] solve class 3 0.6s (cumulative)
[nb_ridge] solve class 4 0.7s (cumulative)
[nb_ridge] solve class 5 0.8s (cumulative)
    ridge-select: scale 4 → sel-slice acc 0.7350
[nb_ridge] tokenize+counts 0.0s (15600 docs, 6 classes)
[nb_ridge] solve class 0 0.2s (cumulative)
[nb_ridge] solve class 1 0.3s (cumulative)
[nb_ridge] solve class 2 0.4s (cumulative)
[nb_ridge] solve class 3 0.6s (cumulative)
[nb_ridge] solve class 4 0.7s (cumulative)
[nb_ridge] solve class 5 0.8s (cumulative)
    ridge-select: scale 8 → sel-slice acc 0.7600
    ridge-select: selected 8 — the suite's row below is the single test read, at this posture
[nb_ridge] tokenize+counts 0.0s (15800 docs, 6 classes)
[nb_ridge] solve class 0 0.2s (cumulative)
[nb_ridge] solve class 1 0.3s (cumulative)
[nb_ridge] solve class 2 0.4s (cumulative)
[nb_ridge] solve class 3 0.5s (cumulative)
[nb_ridge] solve class 4 0.7s (cumulative)
[nb_ridge] solve class 5 0.8s (cumulative)
  posture: cap 64 · head 0.00 · nb 4.00 · ridge 8.00 · gates 0.008/0.427
[nb_ridge] tokenize+counts 0.0s (15800 docs, 6 classes)
[nb_ridge] solve class 0 0.2s (cumulative)
[nb_ridge] solve class 1 0.3s (cumulative)
[nb_ridge] solve class 2 0.4s (cumulative)
[nb_ridge] solve class 3 0.6s (cumulative)
[nb_ridge] solve class 4 0.7s (cumulative)
[nb_ridge] solve class 5 0.8s (cumulative)
  winner: ../riir-train/data/instinct_specialists/emotion_winner_v1.bin (6 labels, BLAKE3 seal verified)
  instrument: rank-0 11/48 · registered A0
  test: A0 0.8850 · A1 0.8550 · H1 0.8775 · pick A0 → 0.8850
  fusion overhead: H1 full decision 45 ns/q (fusion-only 16 ns/q) · H2 fusion 1.88 ns/option
  G1: raw 0.8622 · platt 0.0000 · floor 0.2780 → PASS
  G3: mean +0.0000 · UB95 +0.0000 ≤ δ 0.0100 → PASS
--- sst5 ---
  seat: 600 test cases · 200 cal cases · 5 labels · pool 8344 docs
    head-select: stratified slice 200 case(s); corpora pool 8344 → 8144 doc(s)
    head-select: scale 0 → sel-slice acc 0.2400
    head-select: scale 0.25 → sel-slice acc 0.2350
    head-select: scale 0.5 → sel-slice acc 0.2350
    head-select: scale 1 → sel-slice acc 0.2300
    head-select: selected 0 — the suite's row below is the single test read, at this posture
    nb-select: stratified slice 200 case(s); corpora pool 8344 → 8144 doc(s)
    nb-select: scale 0 (off) → sel-slice acc 0.2400
    nb-select: scale 1 α observed-laplace noul-yes None view bag → sel-slice acc 0.3350
    nb-select: scale 4 α observed-laplace noul-yes None view bag → sel-slice acc 0.3550
    nb-select: scale 16 α observed-laplace noul-yes None view bag → sel-slice acc 0.3600
    nb-select: scale 32 α observed-laplace noul-yes None view bag → sel-slice acc 0.3600
    nb-select: scale 64 α observed-laplace noul-yes None view bag → sel-slice acc 0.3600
    nb-select: scale 1 α fixed-1 noul-yes None view bag → sel-slice acc 0.3150
    nb-select: scale 4 α fixed-1 noul-yes None view bag → sel-slice acc 0.3400
    nb-select: scale 16 α fixed-1 noul-yes None view bag → sel-slice acc 0.3400
    nb-select: scale 32 α fixed-1 noul-yes None view bag → sel-slice acc 0.3350
    nb-select: scale 64 α fixed-1 noul-yes None view bag → sel-slice acc 0.3350
    nb-select: selected scale 16 α observed-laplace noul-yes None — the suite's row below is the single test read, at this posture
    ridge-select: stratified slice 200 case(s); corpora pool 8344 → 8144 doc(s)
    ridge-select: scale 0 (off) → sel-slice acc 0.3600
[nb_ridge] tokenize+counts 0.0s (8144 docs, 5 classes)
[nb_ridge] solve class 0 0.1s (cumulative)
[nb_ridge] solve class 1 0.3s (cumulative)
[nb_ridge] solve class 2 0.4s (cumulative)
[nb_ridge] solve class 3 0.5s (cumulative)
[nb_ridge] solve class 4 0.7s (cumulative)
    ridge-select: scale 0.5 → sel-slice acc 0.3600
[nb_ridge] tokenize+counts 0.0s (8144 docs, 5 classes)
[nb_ridge] solve class 0 0.1s (cumulative)
[nb_ridge] solve class 1 0.3s (cumulative)
[nb_ridge] solve class 2 0.4s (cumulative)
[nb_ridge] solve class 3 0.5s (cumulative)
[nb_ridge] solve class 4 0.7s (cumulative)
    ridge-select: scale 1 → sel-slice acc 0.3600
[nb_ridge] tokenize+counts 0.0s (8144 docs, 5 classes)
[nb_ridge] solve class 0 0.1s (cumulative)
[nb_ridge] solve class 1 0.3s (cumulative)
[nb_ridge] solve class 2 0.4s (cumulative)
[nb_ridge] solve class 3 0.5s (cumulative)
[nb_ridge] solve class 4 0.7s (cumulative)
    ridge-select: scale 2 → sel-slice acc 0.3700
[nb_ridge] tokenize+counts 0.0s (8144 docs, 5 classes)
[nb_ridge] solve class 0 0.1s (cumulative)
[nb_ridge] solve class 1 0.3s (cumulative)
[nb_ridge] solve class 2 0.4s (cumulative)
[nb_ridge] solve class 3 0.5s (cumulative)
[nb_ridge] solve class 4 0.7s (cumulative)
    ridge-select: scale 4 → sel-slice acc 0.3900
[nb_ridge] tokenize+counts 0.0s (8144 docs, 5 classes)
[nb_ridge] solve class 0 0.1s (cumulative)
[nb_ridge] solve class 1 0.3s (cumulative)
[nb_ridge] solve class 2 0.4s (cumulative)
[nb_ridge] solve class 3 0.5s (cumulative)
[nb_ridge] solve class 4 0.7s (cumulative)
    ridge-select: scale 8 → sel-slice acc 0.3950
    ridge-select: selected 0 — the suite's row below is the single test read, at this posture
  posture: cap 64 · head 0.00 · nb 16.00 · ridge 0.00 · gates 0.005/0.417
  winner: ../riir-train/data/instinct_specialists/sst5_winner_v1.bin (5 labels, BLAKE3 seal verified)
  instrument: rank-0 12/48 · registered A1
  test: A0 0.3967 · A1 0.4217 · H1 0.4133 · pick A1 → 0.4217
  T2 superiority: A1 − A0 mean +0.0250 · LB95 -0.0129 > 0 → REFUSED → A0 serves
  fusion overhead: H1 full decision 32 ns/q (fusion-only 12 ns/q) · H2 fusion 2.14 ns/option
  G1: raw 0.1008 · platt 0.0835 · floor 0.2121 → PASS
  G3: mean -0.0250 · UB95 +0.0129 ≤ δ 0.0392 → PASS
--- xnli_en ---
  seat: 300 test cases · 200 cal cases · 3 labels · pool 19800 docs
    head-select: stratified slice 200 case(s); corpora pool 19800 → 19600 doc(s)
    head-select: scale 0 → sel-slice acc 0.3650
    head-select: scale 0.25 → sel-slice acc 0.3850
    head-select: scale 0.5 → sel-slice acc 0.4000
    head-select: scale 1 → sel-slice acc 0.4250
    head-select: selected 1 — the suite's row below is the single test read, at this posture
    nb-select: stratified slice 200 case(s); corpora pool 19800 → 19600 doc(s)
    nb-select: scale 0 (off) → sel-slice acc 0.4250
    nb-select: scale 1 α observed-laplace noul-yes None view bag → sel-slice acc 0.3900
    nb-select: scale 4 α observed-laplace noul-yes None view bag → sel-slice acc 0.3400
    nb-select: scale 16 α observed-laplace noul-yes None view bag → sel-slice acc 0.3100
    nb-select: scale 32 α observed-laplace noul-yes None view bag → sel-slice acc 0.3200
    nb-select: scale 64 α observed-laplace noul-yes None view bag → sel-slice acc 0.3100
    nb-select: scale 1 α fixed-1 noul-yes None view bag → sel-slice acc 0.3950
    nb-select: scale 4 α fixed-1 noul-yes None view bag → sel-slice acc 0.3500
    nb-select: scale 16 α fixed-1 noul-yes None view bag → sel-slice acc 0.3200
    nb-select: scale 32 α fixed-1 noul-yes None view bag → sel-slice acc 0.3200
    nb-select: scale 64 α fixed-1 noul-yes None view bag → sel-slice acc 0.3250
    nb-select: scale 1 α observed-laplace noul-yes None view pair → sel-slice acc 0.4700
    nb-select: scale 4 α observed-laplace noul-yes None view pair → sel-slice acc 0.5600
    nb-select: scale 16 α observed-laplace noul-yes None view pair → sel-slice acc 0.5700
    nb-select: scale 32 α observed-laplace noul-yes None view pair → sel-slice acc 0.5600
    nb-select: scale 64 α observed-laplace noul-yes None view pair → sel-slice acc 0.5600
    nb-select: scale 1 α fixed-1 noul-yes None view pair → sel-slice acc 0.4800
    nb-select: scale 4 α fixed-1 noul-yes None view pair → sel-slice acc 0.5550
    nb-select: scale 16 α fixed-1 noul-yes None view pair → sel-slice acc 0.5850
    nb-select: scale 32 α fixed-1 noul-yes None view pair → sel-slice acc 0.5800
    nb-select: scale 64 α fixed-1 noul-yes None view pair → sel-slice acc 0.5700
    nb-select: selected scale 16 α fixed-1 noul-yes None — the suite's row below is the single test read, at this posture
    ridge-select: stratified slice 200 case(s); corpora pool 19800 → 19600 doc(s)
    ridge-select: scale 0 (off) → sel-slice acc 0.5850
[nb_ridge] tokenize+counts 0.0s (19600 docs, 3 classes)
[nb_ridge] solve class 0 0.2s (cumulative)
[nb_ridge] solve class 1 0.3s (cumulative)
[nb_ridge] solve class 2 0.5s (cumulative)
    ridge-select: scale 0.5 → sel-slice acc 0.5800
[nb_ridge] tokenize+counts 0.0s (19600 docs, 3 classes)
[nb_ridge] solve class 0 0.2s (cumulative)
[nb_ridge] solve class 1 0.3s (cumulative)
[nb_ridge] solve class 2 0.5s (cumulative)
    ridge-select: scale 1 → sel-slice acc 0.5600
[nb_ridge] tokenize+counts 0.0s (19600 docs, 3 classes)
[nb_ridge] solve class 0 0.2s (cumulative)
[nb_ridge] solve class 1 0.3s (cumulative)
[nb_ridge] solve class 2 0.4s (cumulative)
    ridge-select: scale 2 → sel-slice acc 0.5500
[nb_ridge] tokenize+counts 0.0s (19600 docs, 3 classes)
[nb_ridge] solve class 0 0.2s (cumulative)
[nb_ridge] solve class 1 0.3s (cumulative)
[nb_ridge] solve class 2 0.5s (cumulative)
    ridge-select: scale 4 → sel-slice acc 0.5200
[nb_ridge] tokenize+counts 0.0s (19600 docs, 3 classes)
[nb_ridge] solve class 0 0.2s (cumulative)
[nb_ridge] solve class 1 0.3s (cumulative)
[nb_ridge] solve class 2 0.4s (cumulative)
    ridge-select: scale 8 → sel-slice acc 0.4950
    ridge-select: selected 0 — the suite's row below is the single test read, at this posture
  posture: cap 64 · head 1.00 · nb 16.00 · ridge 0.00 · gates 0.003/0.511
  winner: ../riir-train/data/instinct_specialists/xnli_en_winner_v1.bin (3 labels, BLAKE3 seal verified)
  instrument: rank-0 4/48 · registered A0
  test: A0 0.5233 · A1 0.4100 · H1 0.5000 · pick A0 → 0.5233
  fusion overhead: H1 full decision 20 ns/q (fusion-only 9 ns/q) · H2 fusion 3.01 ns/option
  G1: raw 0.5027 · platt 0.0067 · floor 0.1351 → PASS
  G5: no hybrid arm registered (A0 stands) — the gate is refused, never a pass → FAIL
--- massive_intent_en ---
  seat: 300 test cases · 200 cal cases · 59 labels · pool 11314 docs
    head-select: stratified slice 200 case(s); corpora pool 11314 → 11111 doc(s)
    head-select: scale 0 → sel-slice acc 0.4500
    head-select: scale 0.25 → sel-slice acc 0.4900
    head-select: scale 0.5 → sel-slice acc 0.4950
    head-select: scale 1 → sel-slice acc 0.4950
    head-select: selected 0 — the suite's row below is the single test read, at this posture
    nb-select: stratified slice 200 case(s); corpora pool 11314 → 11111 doc(s)
    nb-select: scale 0 (off) → sel-slice acc 0.4500
    nb-select: scale 1 α observed-laplace noul-yes None view bag → sel-slice acc 0.5850
    nb-select: scale 4 α observed-laplace noul-yes None view bag → sel-slice acc 0.6050
    nb-select: scale 16 α observed-laplace noul-yes None view bag → sel-slice acc 0.5950
    nb-select: scale 32 α observed-laplace noul-yes None view bag → sel-slice acc 0.5950
    nb-select: scale 64 α observed-laplace noul-yes None view bag → sel-slice acc 0.5950
    nb-select: scale 1 α fixed-1 noul-yes None view bag → sel-slice acc 0.5500
    nb-select: scale 4 α fixed-1 noul-yes None view bag → sel-slice acc 0.5850
    nb-select: scale 16 α fixed-1 noul-yes None view bag → sel-slice acc 0.5650
    nb-select: scale 32 α fixed-1 noul-yes None view bag → sel-slice acc 0.5650
    nb-select: scale 64 α fixed-1 noul-yes None view bag → sel-slice acc 0.5650
    nb-select: selected scale 4 α observed-laplace noul-yes None — the suite's row below is the single test read, at this posture
    ridge-select: stratified slice 200 case(s); corpora pool 11314 → 11111 doc(s)
    ridge-select: scale 0 (off) → sel-slice acc 0.6050
[nb_ridge] tokenize+counts 0.0s (11110 docs, 59 classes)
[nb_ridge] solve class 0 0.1s (cumulative)
[nb_ridge] solve class 1 0.3s (cumulative)
[nb_ridge] solve class 2 0.4s (cumulative)
[nb_ridge] solve class 3 0.5s (cumulative)
[nb_ridge] solve class 4 0.6s (cumulative)
[nb_ridge] solve class 5 0.8s (cumulative)
[nb_ridge] solve class 6 0.9s (cumulative)
[nb_ridge] solve class 7 1.0s (cumulative)
[nb_ridge] solve class 8 1.2s (cumulative)
[nb_ridge] solve class 9 1.3s (cumulative)
[nb_ridge] solve class 10 1.4s (cumulative)
[nb_ridge] solve class 11 1.6s (cumulative)
[nb_ridge] solve class 12 1.7s (cumulative)
[nb_ridge] solve class 13 1.8s (cumulative)
[nb_ridge] solve class 14 1.9s (cumulative)
[nb_ridge] solve class 15 2.1s (cumulative)
[nb_ridge] solve class 16 2.2s (cumulative)
[nb_ridge] solve class 17 2.3s (cumulative)
[nb_ridge] solve class 18 2.5s (cumulative)
[nb_ridge] solve class 19 2.6s (cumulative)
[nb_ridge] solve class 20 2.7s (cumulative)
[nb_ridge] solve class 21 2.9s (cumulative)
[nb_ridge] solve class 22 3.0s (cumulative)
[nb_ridge] solve class 23 3.1s (cumulative)
[nb_ridge] solve class 24 3.2s (cumulative)
[nb_ridge] solve class 25 3.4s (cumulative)
[nb_ridge] solve class 26 3.5s (cumulative)
[nb_ridge] solve class 27 3.6s (cumulative)
[nb_ridge] solve class 28 3.8s (cumulative)
[nb_ridge] solve class 29 3.9s (cumulative)
[nb_ridge] solve class 30 4.0s (cumulative)
[nb_ridge] solve class 31 4.1s (cumulative)
[nb_ridge] solve class 32 4.3s (cumulative)
[nb_ridge] solve class 33 4.4s (cumulative)
[nb_ridge] solve class 34 4.5s (cumulative)
[nb_ridge] solve class 35 4.7s (cumulative)
[nb_ridge] solve class 36 4.8s (cumulative)
[nb_ridge] solve class 37 4.9s (cumulative)
[nb_ridge] solve class 38 5.0s (cumulative)
[nb_ridge] solve class 39 5.2s (cumulative)
[nb_ridge] solve class 40 5.3s (cumulative)
[nb_ridge] solve class 41 5.4s (cumulative)
[nb_ridge] solve class 42 5.6s (cumulative)
[nb_ridge] solve class 43 5.7s (cumulative)
[nb_ridge] solve class 44 5.8s (cumulative)
[nb_ridge] solve class 45 5.9s (cumulative)
[nb_ridge] solve class 46 6.1s (cumulative)
[nb_ridge] solve class 47 6.2s (cumulative)
[nb_ridge] solve class 48 6.3s (cumulative)
[nb_ridge] solve class 49 6.4s (cumulative)
[nb_ridge] solve class 50 6.6s (cumulative)
[nb_ridge] solve class 51 6.7s (cumulative)
[nb_ridge] solve class 52 6.8s (cumulative)
[nb_ridge] solve class 53 7.0s (cumulative)
[nb_ridge] solve class 54 7.1s (cumulative)
[nb_ridge] solve class 55 7.2s (cumulative)
[nb_ridge] solve class 56 7.3s (cumulative)
[nb_ridge] solve class 57 7.5s (cumulative)
[nb_ridge] solve class 58 7.6s (cumulative)
    ridge-select: scale 0.5 → sel-slice acc 0.6050
[nb_ridge] tokenize+counts 0.0s (11110 docs, 59 classes)
[nb_ridge] solve class 0 0.1s (cumulative)
[nb_ridge] solve class 1 0.3s (cumulative)
[nb_ridge] solve class 2 0.4s (cumulative)
[nb_ridge] solve class 3 0.5s (cumulative)
[nb_ridge] solve class 4 0.7s (cumulative)
[nb_ridge] solve class 5 0.8s (cumulative)
[nb_ridge] solve class 6 0.9s (cumulative)
[nb_ridge] solve class 7 1.0s (cumulative)
[nb_ridge] solve class 8 1.2s (cumulative)
[nb_ridge] solve class 9 1.3s (cumulative)
[nb_ridge] solve class 10 1.4s (cumulative)
[nb_ridge] solve class 11 1.6s (cumulative)
[nb_ridge] solve class 12 1.7s (cumulative)
[nb_ridge] solve class 13 1.8s (cumulative)
[nb_ridge] solve class 14 1.9s (cumulative)
[nb_ridge] solve class 15 2.1s (cumulative)
[nb_ridge] solve class 16 2.2s (cumulative)
[nb_ridge] solve class 17 2.3s (cumulative)
[nb_ridge] solve class 18 2.4s (cumulative)
[nb_ridge] solve class 19 2.6s (cumulative)
[nb_ridge] solve class 20 2.7s (cumulative)
[nb_ridge] solve class 21 2.8s (cumulative)
[nb_ridge] solve class 22 2.9s (cumulative)
[nb_ridge] solve class 23 3.1s (cumulative)
[nb_ridge] solve class 24 3.2s (cumulative)
[nb_ridge] solve class 25 3.3s (cumulative)
[nb_ridge] solve class 26 3.4s (cumulative)
[nb_ridge] solve class 27 3.5s (cumulative)
[nb_ridge] solve class 28 3.7s (cumulative)
[nb_ridge] solve class 29 3.8s (cumulative)
[nb_ridge] solve class 30 3.9s (cumulative)
[nb_ridge] solve class 31 4.0s (cumulative)
[nb_ridge] solve class 32 4.2s (cumulative)
[nb_ridge] solve class 33 4.3s (cumulative)
[nb_ridge] solve class 34 4.4s (cumulative)
[nb_ridge] solve class 35 4.5s (cumulative)
[nb_ridge] solve class 36 4.7s (cumulative)
[nb_ridge] solve class 37 4.8s (cumulative)
[nb_ridge] solve class 38 4.9s (cumulative)
[nb_ridge] solve class 39 5.0s (cumulative)
[nb_ridge] solve class 40 5.1s (cumulative)
[nb_ridge] solve class 41 5.3s (cumulative)
[nb_ridge] solve class 42 5.4s (cumulative)
[nb_ridge] solve class 43 5.5s (cumulative)
[nb_ridge] solve class 44 5.6s (cumulative)
[nb_ridge] solve class 45 5.8s (cumulative)
[nb_ridge] solve class 46 5.9s (cumulative)
[nb_ridge] solve class 47 6.0s (cumulative)
[nb_ridge] solve class 48 6.1s (cumulative)
[nb_ridge] solve class 49 6.2s (cumulative)
[nb_ridge] solve class 50 6.4s (cumulative)
[nb_ridge] solve class 51 6.5s (cumulative)
[nb_ridge] solve class 52 6.6s (cumulative)
[nb_ridge] solve class 53 6.7s (cumulative)
[nb_ridge] solve class 54 6.9s (cumulative)
[nb_ridge] solve class 55 7.0s (cumulative)
[nb_ridge] solve class 56 7.1s (cumulative)
[nb_ridge] solve class 57 7.2s (cumulative)
[nb_ridge] solve class 58 7.4s (cumulative)
    ridge-select: scale 1 → sel-slice acc 0.6050
[nb_ridge] tokenize+counts 0.0s (11110 docs, 59 classes)
[nb_ridge] solve class 0 0.1s (cumulative)
[nb_ridge] solve class 1 0.3s (cumulative)
[nb_ridge] solve class 2 0.4s (cumulative)
[nb_ridge] solve class 3 0.5s (cumulative)
[nb_ridge] solve class 4 0.6s (cumulative)
[nb_ridge] solve class 5 0.7s (cumulative)
[nb_ridge] solve class 6 0.9s (cumulative)
[nb_ridge] solve class 7 1.0s (cumulative)
[nb_ridge] solve class 8 1.1s (cumulative)
[nb_ridge] solve class 9 1.2s (cumulative)
[nb_ridge] solve class 10 1.4s (cumulative)
[nb_ridge] solve class 11 1.5s (cumulative)
[nb_ridge] solve class 12 1.6s (cumulative)
[nb_ridge] solve class 13 1.7s (cumulative)
[nb_ridge] solve class 14 1.9s (cumulative)
[nb_ridge] solve class 15 2.0s (cumulative)
[nb_ridge] solve class 16 2.1s (cumulative)
[nb_ridge] solve class 17 2.2s (cumulative)
[nb_ridge] solve class 18 2.3s (cumulative)
[nb_ridge] solve class 19 2.5s (cumulative)
[nb_ridge] solve class 20 2.6s (cumulative)
[nb_ridge] solve class 21 2.7s (cumulative)
[nb_ridge] solve class 22 2.8s (cumulative)
[nb_ridge] solve class 23 3.0s (cumulative)
[nb_ridge] solve class 24 3.1s (cumulative)
[nb_ridge] solve class 25 3.2s (cumulative)
[nb_ridge] solve class 26 3.3s (cumulative)
[nb_ridge] solve class 27 3.5s (cumulative)
[nb_ridge] solve class 28 3.6s (cumulative)
[nb_ridge] solve class 29 3.7s (cumulative)
[nb_ridge] solve class 30 3.8s (cumulative)
[nb_ridge] solve class 31 3.9s (cumulative)
[nb_ridge] solve class 32 4.1s (cumulative)
[nb_ridge] solve class 33 4.2s (cumulative)
[nb_ridge] solve class 34 4.3s (cumulative)
[nb_ridge] solve class 35 4.4s (cumulative)
[nb_ridge] solve class 36 4.6s (cumulative)
[nb_ridge] solve class 37 4.7s (cumulative)
[nb_ridge] solve class 38 4.8s (cumulative)
[nb_ridge] solve class 39 4.9s (cumulative)
[nb_ridge] solve class 40 5.1s (cumulative)
[nb_ridge] solve class 41 5.2s (cumulative)
[nb_ridge] solve class 42 5.3s (cumulative)
[nb_ridge] solve class 43 5.4s (cumulative)
[nb_ridge] solve class 44 5.5s (cumulative)
[nb_ridge] solve class 45 5.7s (cumulative)
[nb_ridge] solve class 46 5.8s (cumulative)
[nb_ridge] solve class 47 5.9s (cumulative)
[nb_ridge] solve class 48 6.0s (cumulative)
[nb_ridge] solve class 49 6.2s (cumulative)
[nb_ridge] solve class 50 6.3s (cumulative)
[nb_ridge] solve class 51 6.4s (cumulative)
[nb_ridge] solve class 52 6.5s (cumulative)
[nb_ridge] solve class 53 6.6s (cumulative)
[nb_ridge] solve class 54 6.8s (cumulative)
[nb_ridge] solve class 55 6.9s (cumulative)
[nb_ridge] solve class 56 7.0s (cumulative)
[nb_ridge] solve class 57 7.1s (cumulative)
[nb_ridge] solve class 58 7.3s (cumulative)
    ridge-select: scale 2 → sel-slice acc 0.6100
[nb_ridge] tokenize+counts 0.0s (11110 docs, 59 classes)
[nb_ridge] solve class 0 0.1s (cumulative)
[nb_ridge] solve class 1 0.3s (cumulative)
[nb_ridge] solve class 2 0.4s (cumulative)
[nb_ridge] solve class 3 0.5s (cumulative)
[nb_ridge] solve class 4 0.6s (cumulative)
[nb_ridge] solve class 5 0.7s (cumulative)
[nb_ridge] solve class 6 0.9s (cumulative)
[nb_ridge] solve class 7 1.0s (cumulative)
[nb_ridge] solve class 8 1.1s (cumulative)
[nb_ridge] solve class 9 1.2s (cumulative)
[nb_ridge] solve class 10 1.4s (cumulative)
[nb_ridge] solve class 11 1.5s (cumulative)
[nb_ridge] solve class 12 1.6s (cumulative)
[nb_ridge] solve class 13 1.7s (cumulative)
[nb_ridge] solve class 14 1.9s (cumulative)
[nb_ridge] solve class 15 2.0s (cumulative)
[nb_ridge] solve class 16 2.1s (cumulative)
[nb_ridge] solve class 17 2.2s (cumulative)
[nb_ridge] solve class 18 2.3s (cumulative)
[nb_ridge] solve class 19 2.5s (cumulative)
[nb_ridge] solve class 20 2.6s (cumulative)
[nb_ridge] solve class 21 2.7s (cumulative)
[nb_ridge] solve class 22 2.8s (cumulative)
[nb_ridge] solve class 23 3.0s (cumulative)
[nb_ridge] solve class 24 3.1s (cumulative)
[nb_ridge] solve class 25 3.2s (cumulative)
[nb_ridge] solve class 26 3.3s (cumulative)
[nb_ridge] solve class 27 3.5s (cumulative)
[nb_ridge] solve class 28 3.6s (cumulative)
[nb_ridge] solve class 29 3.7s (cumulative)
[nb_ridge] solve class 30 3.8s (cumulative)
[nb_ridge] solve class 31 3.9s (cumulative)
[nb_ridge] solve class 32 4.1s (cumulative)
[nb_ridge] solve class 33 4.2s (cumulative)
[nb_ridge] solve class 34 4.3s (cumulative)
[nb_ridge] solve class 35 4.4s (cumulative)
[nb_ridge] solve class 36 4.6s (cumulative)
[nb_ridge] solve class 37 4.7s (cumulative)
[nb_ridge] solve class 38 4.8s (cumulative)
[nb_ridge] solve class 39 4.9s (cumulative)
[nb_ridge] solve class 40 5.0s (cumulative)
[nb_ridge] solve class 41 5.2s (cumulative)
[nb_ridge] solve class 42 5.3s (cumulative)
[nb_ridge] solve class 43 5.4s (cumulative)
[nb_ridge] solve class 44 5.5s (cumulative)
[nb_ridge] solve class 45 5.7s (cumulative)
[nb_ridge] solve class 46 5.8s (cumulative)
[nb_ridge] solve class 47 5.9s (cumulative)
[nb_ridge] solve class 48 6.0s (cumulative)
[nb_ridge] solve class 49 6.2s (cumulative)
[nb_ridge] solve class 50 6.3s (cumulative)
[nb_ridge] solve class 51 6.4s (cumulative)
[nb_ridge] solve class 52 6.5s (cumulative)
[nb_ridge] solve class 53 6.7s (cumulative)
[nb_ridge] solve class 54 6.8s (cumulative)
[nb_ridge] solve class 55 6.9s (cumulative)
[nb_ridge] solve class 56 7.0s (cumulative)
[nb_ridge] solve class 57 7.1s (cumulative)
[nb_ridge] solve class 58 7.3s (cumulative)
    ridge-select: scale 4 → sel-slice acc 0.6300
[nb_ridge] tokenize+counts 0.0s (11110 docs, 59 classes)
[nb_ridge] solve class 0 0.1s (cumulative)
[nb_ridge] solve class 1 0.3s (cumulative)
[nb_ridge] solve class 2 0.4s (cumulative)
[nb_ridge] solve class 3 0.5s (cumulative)
[nb_ridge] solve class 4 0.6s (cumulative)
[nb_ridge] solve class 5 0.8s (cumulative)
[nb_ridge] solve class 6 0.9s (cumulative)
[nb_ridge] solve class 7 1.0s (cumulative)
[nb_ridge] solve class 8 1.1s (cumulative)
[nb_ridge] solve class 9 1.2s (cumulative)
[nb_ridge] solve class 10 1.4s (cumulative)
[nb_ridge] solve class 11 1.5s (cumulative)
[nb_ridge] solve class 12 1.6s (cumulative)
[nb_ridge] solve class 13 1.7s (cumulative)
[nb_ridge] solve class 14 1.9s (cumulative)
[nb_ridge] solve class 15 2.0s (cumulative)
[nb_ridge] solve class 16 2.1s (cumulative)
[nb_ridge] solve class 17 2.2s (cumulative)
[nb_ridge] solve class 18 2.4s (cumulative)
[nb_ridge] solve class 19 2.5s (cumulative)
[nb_ridge] solve class 20 2.6s (cumulative)
[nb_ridge] solve class 21 2.7s (cumulative)
[nb_ridge] solve class 22 2.8s (cumulative)
[nb_ridge] solve class 23 3.0s (cumulative)
[nb_ridge] solve class 24 3.1s (cumulative)
[nb_ridge] solve class 25 3.2s (cumulative)
[nb_ridge] solve class 26 3.3s (cumulative)
[nb_ridge] solve class 27 3.5s (cumulative)
[nb_ridge] solve class 28 3.6s (cumulative)
[nb_ridge] solve class 29 3.7s (cumulative)
[nb_ridge] solve class 30 3.8s (cumulative)
[nb_ridge] solve class 31 3.9s (cumulative)
[nb_ridge] solve class 32 4.1s (cumulative)
[nb_ridge] solve class 33 4.2s (cumulative)
[nb_ridge] solve class 34 4.3s (cumulative)
[nb_ridge] solve class 35 4.4s (cumulative)
[nb_ridge] solve class 36 4.6s (cumulative)
[nb_ridge] solve class 37 4.7s (cumulative)
[nb_ridge] solve class 38 4.8s (cumulative)
[nb_ridge] solve class 39 4.9s (cumulative)
[nb_ridge] solve class 40 5.1s (cumulative)
[nb_ridge] solve class 41 5.2s (cumulative)
[nb_ridge] solve class 42 5.3s (cumulative)
[nb_ridge] solve class 43 5.4s (cumulative)
[nb_ridge] solve class 44 5.5s (cumulative)
[nb_ridge] solve class 45 5.7s (cumulative)
[nb_ridge] solve class 46 5.8s (cumulative)
[nb_ridge] solve class 47 5.9s (cumulative)
[nb_ridge] solve class 48 6.0s (cumulative)
[nb_ridge] solve class 49 6.2s (cumulative)
[nb_ridge] solve class 50 6.3s (cumulative)
[nb_ridge] solve class 51 6.4s (cumulative)
[nb_ridge] solve class 52 6.5s (cumulative)
[nb_ridge] solve class 53 6.7s (cumulative)
[nb_ridge] solve class 54 6.8s (cumulative)
[nb_ridge] solve class 55 6.9s (cumulative)
[nb_ridge] solve class 56 7.0s (cumulative)
[nb_ridge] solve class 57 7.2s (cumulative)
[nb_ridge] solve class 58 7.3s (cumulative)
    ridge-select: scale 8 → sel-slice acc 0.6200
    ridge-select: selected 0 — the suite's row below is the single test read, at this posture
  posture: cap 48 · head 0.00 · nb 4.00 · ridge 0.00 · gates 0.058/0.526
  winner: ../riir-train/data/instinct_specialists/massive_intent_en_winner_v1.bin (60 labels, BLAKE3 seal verified)
  [join] massive_intent_en: artifact carries 1 label(s) the seat never 
                 offers — unmapped, never survivors
  instrument: rank-0 3/48 · registered H2(β=1,nmin=2,τ=8)
  test: A0 0.7800 · A1 0.8167 · H1 0.7900 · pick H2(β=1,nmin=2,τ=8) → 0.8267
  T2 superiority: H2(β=1,nmin=2,τ=8) − A0 mean +0.0467 · LB95 +0.0124 > 0 → PASS
  fusion overhead: H1 full decision 129 ns/q (fusion-only 100 ns/q) · H2 fusion 0.89 ns/option
  G1: raw 0.0607 · platt 0.0556 · floor 0.2943 → PASS
  G3: mean -0.0467 · UB95 -0.0124 ≤ δ 0.0673 → PASS
--- banking77 ---
  seat: 500 test cases · 200 cal cases · 77 labels · pool 9793 docs
    head-select: stratified slice 200 case(s); corpora pool 9793 → 9593 doc(s)
    head-select: scale 0 → sel-slice acc 0.4650
    head-select: scale 0.25 → sel-slice acc 0.5400
    head-select: scale 0.5 → sel-slice acc 0.5650
    head-select: scale 1 → sel-slice acc 0.6200
    head-select: selected 1 — the suite's row below is the single test read, at this posture
    nb-select: stratified slice 200 case(s); corpora pool 9793 → 9593 doc(s)
    nb-select: scale 0 (off) → sel-slice acc 0.6200
    nb-select: scale 1 α observed-laplace noul-yes None view bag → sel-slice acc 0.8200
    nb-select: scale 4 α observed-laplace noul-yes None view bag → sel-slice acc 0.8000
    nb-select: scale 16 α observed-laplace noul-yes None view bag → sel-slice acc 0.8050
    nb-select: scale 32 α observed-laplace noul-yes None view bag → sel-slice acc 0.8050
    nb-select: scale 64 α observed-laplace noul-yes None view bag → sel-slice acc 0.8050
    nb-select: scale 1 α fixed-1 noul-yes None view bag → sel-slice acc 0.8000
    nb-select: scale 4 α fixed-1 noul-yes None view bag → sel-slice acc 0.7800
    nb-select: scale 16 α fixed-1 noul-yes None view bag → sel-slice acc 0.7650
    nb-select: scale 32 α fixed-1 noul-yes None view bag → sel-slice acc 0.7700
    nb-select: scale 64 α fixed-1 noul-yes None view bag → sel-slice acc 0.7600
    nb-select: selected scale 1 α observed-laplace noul-yes None — the suite's row below is the single test read, at this posture
    ridge-select: stratified slice 200 case(s); corpora pool 9793 → 9593 doc(s)
    ridge-select: scale 0 (off) → sel-slice acc 0.8200
[nb_ridge] tokenize+counts 0.0s (9593 docs, 77 classes)
[nb_ridge] solve class 0 0.1s (cumulative)
[nb_ridge] solve class 1 0.3s (cumulative)
[nb_ridge] solve class 2 0.4s (cumulative)
[nb_ridge] solve class 3 0.5s (cumulative)
[nb_ridge] solve class 4 0.6s (cumulative)
[nb_ridge] solve class 5 0.8s (cumulative)
[nb_ridge] solve class 6 0.9s (cumulative)
[nb_ridge] solve class 7 1.0s (cumulative)
[nb_ridge] solve class 8 1.1s (cumulative)
[nb_ridge] solve class 9 1.3s (cumulative)
[nb_ridge] solve class 10 1.4s (cumulative)
[nb_ridge] solve class 11 1.5s (cumulative)
[nb_ridge] solve class 12 1.6s (cumulative)
[nb_ridge] solve class 13 1.7s (cumulative)
[nb_ridge] solve class 14 1.9s (cumulative)
[nb_ridge] solve class 15 2.0s (cumulative)
[nb_ridge] solve class 16 2.1s (cumulative)
[nb_ridge] solve class 17 2.2s (cumulative)
[nb_ridge] solve class 18 2.4s (cumulative)
[nb_ridge] solve class 19 2.5s (cumulative)
[nb_ridge] solve class 20 2.6s (cumulative)
[nb_ridge] solve class 21 2.7s (cumulative)
[nb_ridge] solve class 22 2.9s (cumulative)
[nb_ridge] solve class 23 3.0s (cumulative)
[nb_ridge] solve class 24 3.1s (cumulative)
[nb_ridge] solve class 25 3.2s (cumulative)
[nb_ridge] solve class 26 3.3s (cumulative)
[nb_ridge] solve class 27 3.5s (cumulative)
[nb_ridge] solve class 28 3.6s (cumulative)
[nb_ridge] solve class 29 3.7s (cumulative)
[nb_ridge] solve class 30 3.8s (cumulative)
[nb_ridge] solve class 31 4.0s (cumulative)
[nb_ridge] solve class 32 4.1s (cumulative)
[nb_ridge] solve class 33 4.2s (cumulative)
[nb_ridge] solve class 34 4.3s (cumulative)
[nb_ridge] solve class 35 4.5s (cumulative)
[nb_ridge] solve class 36 4.6s (cumulative)
[nb_ridge] solve class 37 4.7s (cumulative)
[nb_ridge] solve class 38 4.8s (cumulative)
[nb_ridge] solve class 39 4.9s (cumulative)
[nb_ridge] solve class 40 5.1s (cumulative)
[nb_ridge] solve class 41 5.2s (cumulative)
[nb_ridge] solve class 42 5.3s (cumulative)
[nb_ridge] solve class 43 5.4s (cumulative)
[nb_ridge] solve class 44 5.6s (cumulative)
[nb_ridge] solve class 45 5.7s (cumulative)
[nb_ridge] solve class 46 5.8s (cumulative)
[nb_ridge] solve class 47 5.9s (cumulative)
[nb_ridge] solve class 48 6.0s (cumulative)
[nb_ridge] solve class 49 6.2s (cumulative)
[nb_ridge] solve class 50 6.3s (cumulative)
[nb_ridge] solve class 51 6.4s (cumulative)
[nb_ridge] solve class 52 6.5s (cumulative)
[nb_ridge] solve class 53 6.7s (cumulative)
[nb_ridge] solve class 54 6.8s (cumulative)
[nb_ridge] solve class 55 6.9s (cumulative)
[nb_ridge] solve class 56 7.0s (cumulative)
[nb_ridge] solve class 57 7.1s (cumulative)
[nb_ridge] solve class 58 7.3s (cumulative)
[nb_ridge] solve class 59 7.4s (cumulative)
[nb_ridge] solve class 60 7.5s (cumulative)
[nb_ridge] solve class 61 7.6s (cumulative)
[nb_ridge] solve class 62 7.7s (cumulative)
[nb_ridge] solve class 63 7.9s (cumulative)
[nb_ridge] solve class 64 8.0s (cumulative)
[nb_ridge] solve class 65 8.1s (cumulative)
[nb_ridge] solve class 66 8.2s (cumulative)
[nb_ridge] solve class 67 8.4s (cumulative)
[nb_ridge] solve class 68 8.5s (cumulative)
[nb_ridge] solve class 69 8.6s (cumulative)
[nb_ridge] solve class 70 8.7s (cumulative)
[nb_ridge] solve class 71 8.8s (cumulative)
[nb_ridge] solve class 72 9.0s (cumulative)
[nb_ridge] solve class 73 9.1s (cumulative)
[nb_ridge] solve class 74 9.2s (cumulative)
[nb_ridge] solve class 75 9.3s (cumulative)
[nb_ridge] solve class 76 9.5s (cumulative)
    ridge-select: scale 0.5 → sel-slice acc 0.8400
[nb_ridge] tokenize+counts 0.0s (9593 docs, 77 classes)
[nb_ridge] solve class 0 0.1s (cumulative)
[nb_ridge] solve class 1 0.3s (cumulative)
[nb_ridge] solve class 2 0.4s (cumulative)
[nb_ridge] solve class 3 0.5s (cumulative)
[nb_ridge] solve class 4 0.6s (cumulative)
[nb_ridge] solve class 5 0.8s (cumulative)
[nb_ridge] solve class 6 0.9s (cumulative)
[nb_ridge] solve class 7 1.0s (cumulative)
[nb_ridge] solve class 8 1.1s (cumulative)
[nb_ridge] solve class 9 1.2s (cumulative)
[nb_ridge] solve class 10 1.4s (cumulative)
[nb_ridge] solve class 11 1.5s (cumulative)
[nb_ridge] solve class 12 1.6s (cumulative)
[nb_ridge] solve class 13 1.7s (cumulative)
[nb_ridge] solve class 14 1.9s (cumulative)
[nb_ridge] solve class 15 2.0s (cumulative)
[nb_ridge] solve class 16 2.1s (cumulative)
[nb_ridge] solve class 17 2.2s (cumulative)
[nb_ridge] solve class 18 2.3s (cumulative)
[nb_ridge] solve class 19 2.5s (cumulative)
[nb_ridge] solve class 20 2.6s (cumulative)
[nb_ridge] solve class 21 2.7s (cumulative)
[nb_ridge] solve class 22 2.8s (cumulative)
[nb_ridge] solve class 23 3.0s (cumulative)
[nb_ridge] solve class 24 3.1s (cumulative)
[nb_ridge] solve class 25 3.2s (cumulative)
[nb_ridge] solve class 26 3.3s (cumulative)
[nb_ridge] solve class 27 3.5s (cumulative)
[nb_ridge] solve class 28 3.6s (cumulative)
[nb_ridge] solve class 29 3.7s (cumulative)
[nb_ridge] solve class 30 3.8s (cumulative)
[nb_ridge] solve class 31 3.9s (cumulative)
[nb_ridge] solve class 32 4.1s (cumulative)
[nb_ridge] solve class 33 4.2s (cumulative)
[nb_ridge] solve class 34 4.3s (cumulative)
[nb_ridge] solve class 35 4.4s (cumulative)
[nb_ridge] solve class 36 4.6s (cumulative)
[nb_ridge] solve class 37 4.7s (cumulative)
[nb_ridge] solve class 38 4.8s (cumulative)
[nb_ridge] solve class 39 4.9s (cumulative)
[nb_ridge] solve class 40 5.0s (cumulative)
[nb_ridge] solve class 41 5.2s (cumulative)
[nb_ridge] solve class 42 5.3s (cumulative)
[nb_ridge] solve class 43 5.4s (cumulative)
[nb_ridge] solve class 44 5.5s (cumulative)
[nb_ridge] solve class 45 5.7s (cumulative)
[nb_ridge] solve class 46 5.8s (cumulative)
[nb_ridge] solve class 47 5.9s (cumulative)
[nb_ridge] solve class 48 6.0s (cumulative)
[nb_ridge] solve class 49 6.1s (cumulative)
[nb_ridge] solve class 50 6.3s (cumulative)
[nb_ridge] solve class 51 6.4s (cumulative)
[nb_ridge] solve class 52 6.5s (cumulative)
[nb_ridge] solve class 53 6.6s (cumulative)
[nb_ridge] solve class 54 6.8s (cumulative)
[nb_ridge] solve class 55 6.9s (cumulative)
[nb_ridge] solve class 56 7.0s (cumulative)
[nb_ridge] solve class 57 7.1s (cumulative)
[nb_ridge] solve class 58 7.2s (cumulative)
[nb_ridge] solve class 59 7.4s (cumulative)
[nb_ridge] solve class 60 7.5s (cumulative)
[nb_ridge] solve class 61 7.6s (cumulative)
[nb_ridge] solve class 62 7.7s (cumulative)
[nb_ridge] solve class 63 7.9s (cumulative)
[nb_ridge] solve class 64 8.0s (cumulative)
[nb_ridge] solve class 65 8.1s (cumulative)
[nb_ridge] solve class 66 8.2s (cumulative)
[nb_ridge] solve class 67 8.3s (cumulative)
[nb_ridge] solve class 68 8.5s (cumulative)
[nb_ridge] solve class 69 8.6s (cumulative)
[nb_ridge] solve class 70 8.7s (cumulative)
[nb_ridge] solve class 71 8.8s (cumulative)
[nb_ridge] solve class 72 8.9s (cumulative)
[nb_ridge] solve class 73 9.1s (cumulative)
[nb_ridge] solve class 74 9.2s (cumulative)
[nb_ridge] solve class 75 9.3s (cumulative)
[nb_ridge] solve class 76 9.4s (cumulative)
    ridge-select: scale 1 → sel-slice acc 0.8450
[nb_ridge] tokenize+counts 0.0s (9593 docs, 77 classes)
[nb_ridge] solve class 0 0.1s (cumulative)
[nb_ridge] solve class 1 0.3s (cumulative)
[nb_ridge] solve class 2 0.4s (cumulative)
[nb_ridge] solve class 3 0.5s (cumulative)
[nb_ridge] solve class 4 0.6s (cumulative)
[nb_ridge] solve class 5 0.8s (cumulative)
[nb_ridge] solve class 6 0.9s (cumulative)
[nb_ridge] solve class 7 1.0s (cumulative)
[nb_ridge] solve class 8 1.1s (cumulative)
[nb_ridge] solve class 9 1.2s (cumulative)
[nb_ridge] solve class 10 1.4s (cumulative)
[nb_ridge] solve class 11 1.5s (cumulative)
[nb_ridge] solve class 12 1.6s (cumulative)
[nb_ridge] solve class 13 1.7s (cumulative)
[nb_ridge] solve class 14 1.9s (cumulative)
[nb_ridge] solve class 15 2.0s (cumulative)
[nb_ridge] solve class 16 2.1s (cumulative)
[nb_ridge] solve class 17 2.2s (cumulative)
[nb_ridge] solve class 18 2.3s (cumulative)
[nb_ridge] solve class 19 2.5s (cumulative)
[nb_ridge] solve class 20 2.6s (cumulative)
[nb_ridge] solve class 21 2.7s (cumulative)
[nb_ridge] solve class 22 2.8s (cumulative)
[nb_ridge] solve class 23 2.9s (cumulative)
[nb_ridge] solve class 24 3.1s (cumulative)
[nb_ridge] solve class 25 3.2s (cumulative)
[nb_ridge] solve class 26 3.3s (cumulative)
[nb_ridge] solve class 27 3.4s (cumulative)
[nb_ridge] solve class 28 3.6s (cumulative)
[nb_ridge] solve class 29 3.7s (cumulative)
[nb_ridge] solve class 30 3.8s (cumulative)
[nb_ridge] solve class 31 3.9s (cumulative)
[nb_ridge] solve class 32 4.1s (cumulative)
[nb_ridge] solve class 33 4.2s (cumulative)
[nb_ridge] solve class 34 4.3s (cumulative)
[nb_ridge] solve class 35 4.4s (cumulative)
[nb_ridge] solve class 36 4.5s (cumulative)
[nb_ridge] solve class 37 4.7s (cumulative)
[nb_ridge] solve class 38 4.8s (cumulative)
[nb_ridge] solve class 39 4.9s (cumulative)
[nb_ridge] solve class 40 5.0s (cumulative)
[nb_ridge] solve class 41 5.1s (cumulative)
[nb_ridge] solve class 42 5.3s (cumulative)
[nb_ridge] solve class 43 5.4s (cumulative)
[nb_ridge] solve class 44 5.5s (cumulative)
[nb_ridge] solve class 45 5.6s (cumulative)
[nb_ridge] solve class 46 5.8s (cumulative)
[nb_ridge] solve class 47 5.9s (cumulative)
[nb_ridge] solve class 48 6.0s (cumulative)
[nb_ridge] solve class 49 6.1s (cumulative)
[nb_ridge] solve class 50 6.3s (cumulative)
[nb_ridge] solve class 51 6.4s (cumulative)
[nb_ridge] solve class 52 6.5s (cumulative)
[nb_ridge] solve class 53 6.6s (cumulative)
[nb_ridge] solve class 54 6.7s (cumulative)
[nb_ridge] solve class 55 6.9s (cumulative)
[nb_ridge] solve class 56 7.0s (cumulative)
[nb_ridge] solve class 57 7.1s (cumulative)
[nb_ridge] solve class 58 7.2s (cumulative)
[nb_ridge] solve class 59 7.3s (cumulative)
[nb_ridge] solve class 60 7.5s (cumulative)
[nb_ridge] solve class 61 7.6s (cumulative)
[nb_ridge] solve class 62 7.7s (cumulative)
[nb_ridge] solve class 63 7.8s (cumulative)
[nb_ridge] solve class 64 8.0s (cumulative)
[nb_ridge] solve class 65 8.1s (cumulative)
[nb_ridge] solve class 66 8.2s (cumulative)
[nb_ridge] solve class 67 8.3s (cumulative)
[nb_ridge] solve class 68 8.4s (cumulative)
[nb_ridge] solve class 69 8.6s (cumulative)
[nb_ridge] solve class 70 8.7s (cumulative)
[nb_ridge] solve class 71 8.8s (cumulative)
[nb_ridge] solve class 72 8.9s (cumulative)
[nb_ridge] solve class 73 9.1s (cumulative)
[nb_ridge] solve class 74 9.2s (cumulative)
[nb_ridge] solve class 75 9.3s (cumulative)
[nb_ridge] solve class 76 9.4s (cumulative)
    ridge-select: scale 2 → sel-slice acc 0.8350
[nb_ridge] tokenize+counts 0.0s (9593 docs, 77 classes)
[nb_ridge] solve class 0 0.1s (cumulative)
[nb_ridge] solve class 1 0.3s (cumulative)
[nb_ridge] solve class 2 0.4s (cumulative)
[nb_ridge] solve class 3 0.5s (cumulative)
[nb_ridge] solve class 4 0.6s (cumulative)
[nb_ridge] solve class 5 0.8s (cumulative)
[nb_ridge] solve class 6 0.9s (cumulative)
[nb_ridge] solve class 7 1.0s (cumulative)
[nb_ridge] solve class 8 1.1s (cumulative)
[nb_ridge] solve class 9 1.2s (cumulative)
[nb_ridge] solve class 10 1.4s (cumulative)
[nb_ridge] solve class 11 1.5s (cumulative)
[nb_ridge] solve class 12 1.6s (cumulative)
[nb_ridge] solve class 13 1.7s (cumulative)
[nb_ridge] solve class 14 1.8s (cumulative)
[nb_ridge] solve class 15 2.0s (cumulative)
[nb_ridge] solve class 16 2.1s (cumulative)
[nb_ridge] solve class 17 2.2s (cumulative)
[nb_ridge] solve class 18 2.3s (cumulative)
[nb_ridge] solve class 19 2.5s (cumulative)
[nb_ridge] solve class 20 2.6s (cumulative)
[nb_ridge] solve class 21 2.7s (cumulative)
[nb_ridge] solve class 22 2.8s (cumulative)
[nb_ridge] solve class 23 3.0s (cumulative)
[nb_ridge] solve class 24 3.1s (cumulative)
[nb_ridge] solve class 25 3.2s (cumulative)
[nb_ridge] solve class 26 3.3s (cumulative)
[nb_ridge] solve class 27 3.4s (cumulative)
[nb_ridge] solve class 28 3.6s (cumulative)
[nb_ridge] solve class 29 3.7s (cumulative)
[nb_ridge] solve class 30 3.8s (cumulative)
[nb_ridge] solve class 31 3.9s (cumulative)
[nb_ridge] solve class 32 4.1s (cumulative)
[nb_ridge] solve class 33 4.2s (cumulative)
[nb_ridge] solve class 34 4.3s (cumulative)
[nb_ridge] solve class 35 4.4s (cumulative)
[nb_ridge] solve class 36 4.5s (cumulative)
[nb_ridge] solve class 37 4.7s (cumulative)
[nb_ridge] solve class 38 4.8s (cumulative)
[nb_ridge] solve class 39 4.9s (cumulative)
[nb_ridge] solve class 40 5.0s (cumulative)
[nb_ridge] solve class 41 5.2s (cumulative)
[nb_ridge] solve class 42 5.3s (cumulative)
[nb_ridge] solve class 43 5.4s (cumulative)
[nb_ridge] solve class 44 5.5s (cumulative)
[nb_ridge] solve class 45 5.6s (cumulative)
[nb_ridge] solve class 46 5.8s (cumulative)
[nb_ridge] solve class 47 5.9s (cumulative)
[nb_ridge] solve class 48 6.0s (cumulative)
[nb_ridge] solve class 49 6.1s (cumulative)
[nb_ridge] solve class 50 6.3s (cumulative)
[nb_ridge] solve class 51 6.4s (cumulative)
[nb_ridge] solve class 52 6.5s (cumulative)
[nb_ridge] solve class 53 6.6s (cumulative)
[nb_ridge] solve class 54 6.7s (cumulative)
[nb_ridge] solve class 55 6.9s (cumulative)
[nb_ridge] solve class 56 7.0s (cumulative)
[nb_ridge] solve class 57 7.1s (cumulative)
[nb_ridge] solve class 58 7.2s (cumulative)
[nb_ridge] solve class 59 7.4s (cumulative)
[nb_ridge] solve class 60 7.5s (cumulative)
[nb_ridge] solve class 61 7.6s (cumulative)
[nb_ridge] solve class 62 7.7s (cumulative)
[nb_ridge] solve class 63 7.8s (cumulative)
[nb_ridge] solve class 64 8.0s (cumulative)
[nb_ridge] solve class 65 8.1s (cumulative)
[nb_ridge] solve class 66 8.2s (cumulative)
[nb_ridge] solve class 67 8.3s (cumulative)
[nb_ridge] solve class 68 8.4s (cumulative)
[nb_ridge] solve class 69 8.6s (cumulative)
[nb_ridge] solve class 70 8.7s (cumulative)
[nb_ridge] solve class 71 8.8s (cumulative)
[nb_ridge] solve class 72 8.9s (cumulative)
[nb_ridge] solve class 73 9.1s (cumulative)
[nb_ridge] solve class 74 9.2s (cumulative)
[nb_ridge] solve class 75 9.3s (cumulative)
[nb_ridge] solve class 76 9.4s (cumulative)
    ridge-select: scale 4 → sel-slice acc 0.8400
[nb_ridge] tokenize+counts 0.0s (9593 docs, 77 classes)
[nb_ridge] solve class 0 0.1s (cumulative)
[nb_ridge] solve class 1 0.3s (cumulative)
[nb_ridge] solve class 2 0.4s (cumulative)
[nb_ridge] solve class 3 0.5s (cumulative)
[nb_ridge] solve class 4 0.6s (cumulative)
[nb_ridge] solve class 5 0.8s (cumulative)
[nb_ridge] solve class 6 0.9s (cumulative)
[nb_ridge] solve class 7 1.0s (cumulative)
[nb_ridge] solve class 8 1.1s (cumulative)
[nb_ridge] solve class 9 1.2s (cumulative)
[nb_ridge] solve class 10 1.4s (cumulative)
[nb_ridge] solve class 11 1.5s (cumulative)
[nb_ridge] solve class 12 1.6s (cumulative)
[nb_ridge] solve class 13 1.7s (cumulative)
[nb_ridge] solve class 14 1.9s (cumulative)
[nb_ridge] solve class 15 2.0s (cumulative)
[nb_ridge] solve class 16 2.1s (cumulative)
[nb_ridge] solve class 17 2.2s (cumulative)
[nb_ridge] solve class 18 2.3s (cumulative)
[nb_ridge] solve class 19 2.5s (cumulative)
[nb_ridge] solve class 20 2.6s (cumulative)
[nb_ridge] solve class 21 2.7s (cumulative)
[nb_ridge] solve class 22 2.8s (cumulative)
[nb_ridge] solve class 23 3.0s (cumulative)
[nb_ridge] solve class 24 3.1s (cumulative)
[nb_ridge] solve class 25 3.2s (cumulative)
[nb_ridge] solve class 26 3.3s (cumulative)
[nb_ridge] solve class 27 3.4s (cumulative)
[nb_ridge] solve class 28 3.6s (cumulative)
[nb_ridge] solve class 29 3.7s (cumulative)
[nb_ridge] solve class 30 3.8s (cumulative)
[nb_ridge] solve class 31 3.9s (cumulative)
[nb_ridge] solve class 32 4.1s (cumulative)
[nb_ridge] solve class 33 4.2s (cumulative)
[nb_ridge] solve class 34 4.3s (cumulative)
[nb_ridge] solve class 35 4.4s (cumulative)
[nb_ridge] solve class 36 4.5s (cumulative)
[nb_ridge] solve class 37 4.7s (cumulative)
[nb_ridge] solve class 38 4.8s (cumulative)
[nb_ridge] solve class 39 4.9s (cumulative)
[nb_ridge] solve class 40 5.0s (cumulative)
[nb_ridge] solve class 41 5.2s (cumulative)
[nb_ridge] solve class 42 5.3s (cumulative)
[nb_ridge] solve class 43 5.4s (cumulative)
[nb_ridge] solve class 44 5.5s (cumulative)
[nb_ridge] solve class 45 5.7s (cumulative)
[nb_ridge] solve class 46 5.8s (cumulative)
[nb_ridge] solve class 47 5.9s (cumulative)
[nb_ridge] solve class 48 6.0s (cumulative)
[nb_ridge] solve class 49 6.2s (cumulative)
[nb_ridge] solve class 50 6.3s (cumulative)
[nb_ridge] solve class 51 6.4s (cumulative)
[nb_ridge] solve class 52 6.5s (cumulative)
[nb_ridge] solve class 53 6.7s (cumulative)
[nb_ridge] solve class 54 6.8s (cumulative)
[nb_ridge] solve class 55 6.9s (cumulative)
[nb_ridge] solve class 56 7.0s (cumulative)
[nb_ridge] solve class 57 7.2s (cumulative)
[nb_ridge] solve class 58 7.3s (cumulative)
[nb_ridge] solve class 59 7.4s (cumulative)
[nb_ridge] solve class 60 7.5s (cumulative)
[nb_ridge] solve class 61 7.6s (cumulative)
[nb_ridge] solve class 62 7.8s (cumulative)
[nb_ridge] solve class 63 7.9s (cumulative)
[nb_ridge] solve class 64 8.0s (cumulative)
[nb_ridge] solve class 65 8.1s (cumulative)
[nb_ridge] solve class 66 8.3s (cumulative)
[nb_ridge] solve class 67 8.4s (cumulative)
[nb_ridge] solve class 68 8.5s (cumulative)
[nb_ridge] solve class 69 8.6s (cumulative)
[nb_ridge] solve class 70 8.8s (cumulative)
[nb_ridge] solve class 71 8.9s (cumulative)
[nb_ridge] solve class 72 9.0s (cumulative)
[nb_ridge] solve class 73 9.1s (cumulative)
[nb_ridge] solve class 74 9.2s (cumulative)
[nb_ridge] solve class 75 9.4s (cumulative)
[nb_ridge] solve class 76 9.5s (cumulative)
    ridge-select: scale 8 → sel-slice acc 0.8250
    ridge-select: selected 0 — the suite's row below is the single test read, at this posture
  posture: cap 40 · head 1.00 · nb 1.00 · ridge 0.00 · gates 0.021/0.555
  winner: ../riir-train/data/instinct_specialists/banking77_winner_v1.bin (77 labels, BLAKE3 seal verified)
  instrument: rank-0 6/48 · registered H1
  test: A0 0.8260 · A1 0.7960 · H1 0.8060 · pick H1 → 0.8060
  T2 superiority: H1 − A0 mean -0.0200 · LB95 -0.0466 > 0 → REFUSED → A0 serves
  fusion overhead: H1 full decision 157 ns/q (fusion-only 124 ns/q) · H2 fusion 0.93 ns/option
  G1: raw 0.7059 · platt 0.0060 · floor 0.3603 → PASS
  G3: mean +0.0200 · UB95 +0.0466 ≤ δ 0.0320 → FAIL
═══ suite ag_news ═══
    400 cases / 400 questions · 4 domains
    head-select: stratified slice 200 case(s); corpora pool 19800 → 19600 doc(s)
    head-select: scale 0 → sel-slice acc 0.3900
    head-select: scale 0.25 → sel-slice acc 0.4150
    head-select: scale 0.5 → sel-slice acc 0.4100
    head-select: scale 1 → sel-slice acc 0.4050
    head-select: selected 0 — the suite's row below is the single test read, at this posture
    nb-select: stratified slice 200 case(s); corpora pool 19800 → 19600 doc(s)
    nb-select: scale 0 (off) → sel-slice acc 0.3900
    nb-select: scale 1 α observed-laplace noul-yes None view bag → sel-slice acc 0.7000
    nb-select: scale 4 α observed-laplace noul-yes None view bag → sel-slice acc 0.7450
    nb-select: scale 16 α observed-laplace noul-yes None view bag → sel-slice acc 0.7450
    nb-select: scale 32 α observed-laplace noul-yes None view bag → sel-slice acc 0.7450
    nb-select: scale 64 α observed-laplace noul-yes None view bag → sel-slice acc 0.7450
    nb-select: scale 1 α fixed-1 noul-yes None view bag → sel-slice acc 0.7000
    nb-select: scale 4 α fixed-1 noul-yes None view bag → sel-slice acc 0.7450
    nb-select: scale 16 α fixed-1 noul-yes None view bag → sel-slice acc 0.7450
    nb-select: scale 32 α fixed-1 noul-yes None view bag → sel-slice acc 0.7450
    nb-select: scale 64 α fixed-1 noul-yes None view bag → sel-slice acc 0.7450
    nb-select: selected scale 4 α observed-laplace noul-yes None — the suite's row below is the single test read, at this posture
    ridge-select: stratified slice 200 case(s); corpora pool 19800 → 19600 doc(s)
    ridge-select: scale 0 (off) → sel-slice acc 0.7450
[nb_ridge] tokenize+counts 0.0s (19600 docs, 4 classes)
[nb_ridge] solve class 0 0.2s (cumulative)
[nb_ridge] solve class 1 0.3s (cumulative)
[nb_ridge] solve class 2 0.4s (cumulative)
[nb_ridge] solve class 3 0.6s (cumulative)
    ridge-select: scale 0.5 → sel-slice acc 0.7350
[nb_ridge] tokenize+counts 0.0s (19600 docs, 4 classes)
[nb_ridge] solve class 0 0.2s (cumulative)
[nb_ridge] solve class 1 0.3s (cumulative)
[nb_ridge] solve class 2 0.4s (cumulative)
[nb_ridge] solve class 3 0.6s (cumulative)
    ridge-select: scale 1 → sel-slice acc 0.7350
[nb_ridge] tokenize+counts 0.0s (19600 docs, 4 classes)
[nb_ridge] solve class 0 0.2s (cumulative)
[nb_ridge] solve class 1 0.3s (cumulative)
[nb_ridge] solve class 2 0.4s (cumulative)
[nb_ridge] solve class 3 0.6s (cumulative)
    ridge-select: scale 2 → sel-slice acc 0.7400
[nb_ridge] tokenize+counts 0.0s (19600 docs, 4 classes)
[nb_ridge] solve class 0 0.2s (cumulative)
[nb_ridge] solve class 1 0.3s (cumulative)
[nb_ridge] solve class 2 0.4s (cumulative)
[nb_ridge] solve class 3 0.6s (cumulative)
    ridge-select: scale 4 → sel-slice acc 0.7350
[nb_ridge] tokenize+counts 0.0s (19600 docs, 4 classes)
[nb_ridge] solve class 0 0.2s (cumulative)
[nb_ridge] solve class 1 0.3s (cumulative)
[nb_ridge] solve class 2 0.4s (cumulative)
[nb_ridge] solve class 3 0.6s (cumulative)
    ridge-select: scale 8 → sel-slice acc 0.7400
    ridge-select: selected 0 — the suite's row below is the single test read, at this posture
    readout-report: best-on-cal max_prob (dispatch 0.8204, max_prob 0.4857, inv_entropy 0.8204 vs dispatch 0.8204; margin 0.005; REPORT-ONLY — the arming lever is demoted, Bench 052)
    modelless: acc 0.8825 · ece(maxp) 0.4783 · p50 0.150 ms · 4.6 s
═══ suite emotion ═══
    400 cases / 400 questions · 6 domains
    head-select: stratified slice 200 case(s); corpora pool 15800 → 15600 doc(s)
    head-select: scale 0 → sel-slice acc 0.1950
    head-select: scale 0.25 → sel-slice acc 0.2100
    head-select: scale 0.5 → sel-slice acc 0.2300
    head-select: scale 1 → sel-slice acc 0.2350
    head-select: selected 0 — the suite's row below is the single test read, at this posture
    nb-select: stratified slice 200 case(s); corpora pool 15800 → 15600 doc(s)
    nb-select: scale 0 (off) → sel-slice acc 0.1950
    nb-select: scale 1 α observed-laplace noul-yes None view bag → sel-slice acc 0.5350
    nb-select: scale 4 α observed-laplace noul-yes None view bag → sel-slice acc 0.5500
    nb-select: scale 16 α observed-laplace noul-yes None view bag → sel-slice acc 0.5500
    nb-select: scale 32 α observed-laplace noul-yes None view bag → sel-slice acc 0.5500
    nb-select: scale 64 α observed-laplace noul-yes None view bag → sel-slice acc 0.5500
    nb-select: scale 1 α fixed-1 noul-yes None view bag → sel-slice acc 0.4650
    nb-select: scale 4 α fixed-1 noul-yes None view bag → sel-slice acc 0.4850
    nb-select: scale 16 α fixed-1 noul-yes None view bag → sel-slice acc 0.4850
    nb-select: scale 32 α fixed-1 noul-yes None view bag → sel-slice acc 0.4850
    nb-select: scale 64 α fixed-1 noul-yes None view bag → sel-slice acc 0.4850
    nb-select: selected scale 4 α observed-laplace noul-yes None — the suite's row below is the single test read, at this posture
    ridge-select: stratified slice 200 case(s); corpora pool 15800 → 15600 doc(s)
    ridge-select: scale 0 (off) → sel-slice acc 0.5500
[nb_ridge] tokenize+counts 0.0s (15600 docs, 6 classes)
[nb_ridge] solve class 0 0.2s (cumulative)
[nb_ridge] solve class 1 0.3s (cumulative)
[nb_ridge] solve class 2 0.4s (cumulative)
[nb_ridge] solve class 3 0.5s (cumulative)
[nb_ridge] solve class 4 0.6s (cumulative)
[nb_ridge] solve class 5 0.8s (cumulative)
    ridge-select: scale 0.5 → sel-slice acc 0.5800
[nb_ridge] tokenize+counts 0.0s (15600 docs, 6 classes)
[nb_ridge] solve class 0 0.2s (cumulative)
[nb_ridge] solve class 1 0.3s (cumulative)
[nb_ridge] solve class 2 0.4s (cumulative)
[nb_ridge] solve class 3 0.5s (cumulative)
[nb_ridge] solve class 4 0.6s (cumulative)
[nb_ridge] solve class 5 0.8s (cumulative)
    ridge-select: scale 1 → sel-slice acc 0.6400
[nb_ridge] tokenize+counts 0.0s (15600 docs, 6 classes)
[nb_ridge] solve class 0 0.2s (cumulative)
[nb_ridge] solve class 1 0.3s (cumulative)
[nb_ridge] solve class 2 0.4s (cumulative)
[nb_ridge] solve class 3 0.5s (cumulative)
[nb_ridge] solve class 4 0.6s (cumulative)
[nb_ridge] solve class 5 0.8s (cumulative)
    ridge-select: scale 2 → sel-slice acc 0.6900
[nb_ridge] tokenize+counts 0.0s (15600 docs, 6 classes)
[nb_ridge] solve class 0 0.2s (cumulative)
[nb_ridge] solve class 1 0.3s (cumulative)
[nb_ridge] solve class 2 0.4s (cumulative)
[nb_ridge] solve class 3 0.5s (cumulative)
[nb_ridge] solve class 4 0.6s (cumulative)
[nb_ridge] solve class 5 0.8s (cumulative)
    ridge-select: scale 4 → sel-slice acc 0.7350
[nb_ridge] tokenize+counts 0.0s (15600 docs, 6 classes)
[nb_ridge] solve class 0 0.2s (cumulative)
[nb_ridge] solve class 1 0.3s (cumulative)
[nb_ridge] solve class 2 0.4s (cumulative)
[nb_ridge] solve class 3 0.5s (cumulative)
[nb_ridge] solve class 4 0.6s (cumulative)
[nb_ridge] solve class 5 0.8s (cumulative)
    ridge-select: scale 8 → sel-slice acc 0.7600
    ridge-select: selected 8 — the suite's row below is the single test read, at this posture
[nb_ridge] tokenize+counts 0.0s (15800 docs, 6 classes)
[nb_ridge] solve class 0 0.2s (cumulative)
[nb_ridge] solve class 1 0.3s (cumulative)
[nb_ridge] solve class 2 0.4s (cumulative)
[nb_ridge] solve class 3 0.5s (cumulative)
[nb_ridge] solve class 4 0.6s (cumulative)
[nb_ridge] solve class 5 0.8s (cumulative)
[nb_ridge] tokenize+counts 0.0s (15800 docs, 6 classes)
[nb_ridge] solve class 0 0.2s (cumulative)
[nb_ridge] solve class 1 0.3s (cumulative)
[nb_ridge] solve class 2 0.4s (cumulative)
[nb_ridge] solve class 3 0.5s (cumulative)
[nb_ridge] solve class 4 0.6s (cumulative)
[nb_ridge] solve class 5 0.8s (cumulative)
    readout-report: best-on-cal max_prob (dispatch 0.7590, max_prob 0.5277, inv_entropy 0.7590 vs dispatch 0.7590; margin 0.005; REPORT-ONLY — the arming lever is demoted, Bench 052)
[nb_ridge] tokenize+counts 0.0s (15800 docs, 6 classes)
[nb_ridge] solve class 0 0.2s (cumulative)
[nb_ridge] solve class 1 0.3s (cumulative)
[nb_ridge] solve class 2 0.4s (cumulative)
[nb_ridge] solve class 3 0.5s (cumulative)
[nb_ridge] solve class 4 0.6s (cumulative)
[nb_ridge] solve class 5 0.8s (cumulative)
[nb_ridge] tokenize+counts 0.0s (15800 docs, 6 classes)
[nb_ridge] solve class 0 0.2s (cumulative)
[nb_ridge] solve class 1 0.3s (cumulative)
[nb_ridge] solve class 2 0.4s (cumulative)
[nb_ridge] solve class 3 0.5s (cumulative)
[nb_ridge] solve class 4 0.6s (cumulative)
[nb_ridge] solve class 5 0.8s (cumulative)
[nb_ridge] tokenize+counts 0.0s (15800 docs, 6 classes)
[nb_ridge] solve class 0 0.2s (cumulative)
[nb_ridge] solve class 1 0.3s (cumulative)
[nb_ridge] solve class 2 0.4s (cumulative)
[nb_ridge] solve class 3 0.5s (cumulative)
[nb_ridge] solve class 4 0.6s (cumulative)
[nb_ridge] solve class 5 0.8s (cumulative)
[nb_ridge] tokenize+counts 0.0s (16000 docs, 6 classes)
[nb_ridge] solve class 0 0.2s (cumulative)
[nb_ridge] solve class 1 0.3s (cumulative)
[nb_ridge] solve class 2 0.4s (cumulative)
[nb_ridge] solve class 3 0.5s (cumulative)
[nb_ridge] solve class 4 0.6s (cumulative)
[nb_ridge] solve class 5 0.8s (cumulative)
[nb_ridge] tokenize+counts 0.0s (16000 docs, 6 classes)
[nb_ridge] solve class 0 0.2s (cumulative)
[nb_ridge] solve class 1 0.3s (cumulative)
[nb_ridge] solve class 2 0.4s (cumulative)
[nb_ridge] solve class 3 0.5s (cumulative)
[nb_ridge] solve class 4 0.6s (cumulative)
[nb_ridge] solve class 5 0.8s (cumulative)
    modelless: acc 0.8850 · ece(maxp) 0.6185 · p50 0.117 ms · 10.3 s
═══ suite sst5 ═══
    600 cases / 600 questions · 5 domains
    head-select: stratified slice 200 case(s); corpora pool 8344 → 8144 doc(s)
    head-select: scale 0 → sel-slice acc 0.2400
    head-select: scale 0.25 → sel-slice acc 0.2350
    head-select: scale 0.5 → sel-slice acc 0.2350
    head-select: scale 1 → sel-slice acc 0.2300
    head-select: selected 0 — the suite's row below is the single test read, at this posture
    nb-select: stratified slice 200 case(s); corpora pool 8344 → 8144 doc(s)
    nb-select: scale 0 (off) → sel-slice acc 0.2400
    nb-select: scale 1 α observed-laplace noul-yes None view bag → sel-slice acc 0.3350
    nb-select: scale 4 α observed-laplace noul-yes None view bag → sel-slice acc 0.3550
    nb-select: scale 16 α observed-laplace noul-yes None view bag → sel-slice acc 0.3600
    nb-select: scale 32 α observed-laplace noul-yes None view bag → sel-slice acc 0.3600
    nb-select: scale 64 α observed-laplace noul-yes None view bag → sel-slice acc 0.3600
    nb-select: scale 1 α fixed-1 noul-yes None view bag → sel-slice acc 0.3150
    nb-select: scale 4 α fixed-1 noul-yes None view bag → sel-slice acc 0.3400
    nb-select: scale 16 α fixed-1 noul-yes None view bag → sel-slice acc 0.3400
    nb-select: scale 32 α fixed-1 noul-yes None view bag → sel-slice acc 0.3350
    nb-select: scale 64 α fixed-1 noul-yes None view bag → sel-slice acc 0.3350
    nb-select: selected scale 16 α observed-laplace noul-yes None — the suite's row below is the single test read, at this posture
    ridge-select: stratified slice 200 case(s); corpora pool 8344 → 8144 doc(s)
    ridge-select: scale 0 (off) → sel-slice acc 0.3600
[nb_ridge] tokenize+counts 0.0s (8144 docs, 5 classes)
[nb_ridge] solve class 0 0.1s (cumulative)
[nb_ridge] solve class 1 0.3s (cumulative)
[nb_ridge] solve class 2 0.4s (cumulative)
[nb_ridge] solve class 3 0.5s (cumulative)
[nb_ridge] solve class 4 0.6s (cumulative)
    ridge-select: scale 0.5 → sel-slice acc 0.3600
[nb_ridge] tokenize+counts 0.0s (8144 docs, 5 classes)
[nb_ridge] solve class 0 0.1s (cumulative)
[nb_ridge] solve class 1 0.3s (cumulative)
[nb_ridge] solve class 2 0.4s (cumulative)
[nb_ridge] solve class 3 0.5s (cumulative)
[nb_ridge] solve class 4 0.6s (cumulative)
    ridge-select: scale 1 → sel-slice acc 0.3600
[nb_ridge] tokenize+counts 0.0s (8144 docs, 5 classes)
[nb_ridge] solve class 0 0.1s (cumulative)
[nb_ridge] solve class 1 0.3s (cumulative)
[nb_ridge] solve class 2 0.4s (cumulative)
[nb_ridge] solve class 3 0.5s (cumulative)
[nb_ridge] solve class 4 0.6s (cumulative)
    ridge-select: scale 2 → sel-slice acc 0.3700
[nb_ridge] tokenize+counts 0.0s (8144 docs, 5 classes)
[nb_ridge] solve class 0 0.1s (cumulative)
[nb_ridge] solve class 1 0.3s (cumulative)
[nb_ridge] solve class 2 0.4s (cumulative)
[nb_ridge] solve class 3 0.5s (cumulative)
[nb_ridge] solve class 4 0.6s (cumulative)
    ridge-select: scale 4 → sel-slice acc 0.3900
[nb_ridge] tokenize+counts 0.0s (8144 docs, 5 classes)
[nb_ridge] solve class 0 0.1s (cumulative)
[nb_ridge] solve class 1 0.3s (cumulative)
[nb_ridge] solve class 2 0.4s (cumulative)
[nb_ridge] solve class 3 0.5s (cumulative)
[nb_ridge] solve class 4 0.6s (cumulative)
    ridge-select: scale 8 → sel-slice acc 0.3950
    ridge-select: selected 0 — the suite's row below is the single test read, at this posture
    readout-report: best-on-cal max_prob (dispatch 0.2754, max_prob 0.0464, inv_entropy 0.2754 vs dispatch 0.2754; margin 0.005; REPORT-ONLY — the arming lever is demoted, Bench 052)
    modelless: acc 0.3967 · ece(maxp) 0.1393 · p50 0.098 ms · 4 s
═══ suite xnli_en ═══
    300 cases / 300 questions · 3 domains
    head-select: stratified slice 200 case(s); corpora pool 19800 → 19600 doc(s)
    head-select: scale 0 → sel-slice acc 0.3650
    head-select: scale 0.25 → sel-slice acc 0.3850
    head-select: scale 0.5 → sel-slice acc 0.4000
    head-select: scale 1 → sel-slice acc 0.4250
    head-select: selected 1 — the suite's row below is the single test read, at this posture
    nb-select: stratified slice 200 case(s); corpora pool 19800 → 19600 doc(s)
    nb-select: scale 0 (off) → sel-slice acc 0.4250
    nb-select: scale 1 α observed-laplace noul-yes None view bag → sel-slice acc 0.3900
    nb-select: scale 4 α observed-laplace noul-yes None view bag → sel-slice acc 0.3400
    nb-select: scale 16 α observed-laplace noul-yes None view bag → sel-slice acc 0.3100
    nb-select: scale 32 α observed-laplace noul-yes None view bag → sel-slice acc 0.3200
    nb-select: scale 64 α observed-laplace noul-yes None view bag → sel-slice acc 0.3100
    nb-select: scale 1 α fixed-1 noul-yes None view bag → sel-slice acc 0.3950
    nb-select: scale 4 α fixed-1 noul-yes None view bag → sel-slice acc 0.3500
    nb-select: scale 16 α fixed-1 noul-yes None view bag → sel-slice acc 0.3200
    nb-select: scale 32 α fixed-1 noul-yes None view bag → sel-slice acc 0.3200
    nb-select: scale 64 α fixed-1 noul-yes None view bag → sel-slice acc 0.3250
    nb-select: scale 1 α observed-laplace noul-yes None view pair → sel-slice acc 0.4700
    nb-select: scale 4 α observed-laplace noul-yes None view pair → sel-slice acc 0.5600
    nb-select: scale 16 α observed-laplace noul-yes None view pair → sel-slice acc 0.5700
    nb-select: scale 32 α observed-laplace noul-yes None view pair → sel-slice acc 0.5600
    nb-select: scale 64 α observed-laplace noul-yes None view pair → sel-slice acc 0.5600
    nb-select: scale 1 α fixed-1 noul-yes None view pair → sel-slice acc 0.4800
    nb-select: scale 4 α fixed-1 noul-yes None view pair → sel-slice acc 0.5550
    nb-select: scale 16 α fixed-1 noul-yes None view pair → sel-slice acc 0.5850
    nb-select: scale 32 α fixed-1 noul-yes None view pair → sel-slice acc 0.5800
    nb-select: scale 64 α fixed-1 noul-yes None view pair → sel-slice acc 0.5700
    nb-select: selected scale 16 α fixed-1 noul-yes None — the suite's row below is the single test read, at this posture
    ridge-select: stratified slice 200 case(s); corpora pool 19800 → 19600 doc(s)
    ridge-select: scale 0 (off) → sel-slice acc 0.5850
[nb_ridge] tokenize+counts 0.0s (19600 docs, 3 classes)
[nb_ridge] solve class 0 0.2s (cumulative)
[nb_ridge] solve class 1 0.3s (cumulative)
[nb_ridge] solve class 2 0.4s (cumulative)
    ridge-select: scale 0.5 → sel-slice acc 0.5800
[nb_ridge] tokenize+counts 0.0s (19600 docs, 3 classes)
[nb_ridge] solve class 0 0.2s (cumulative)
[nb_ridge] solve class 1 0.3s (cumulative)
[nb_ridge] solve class 2 0.4s (cumulative)
    ridge-select: scale 1 → sel-slice acc 0.5600
[nb_ridge] tokenize+counts 0.0s (19600 docs, 3 classes)
[nb_ridge] solve class 0 0.2s (cumulative)
[nb_ridge] solve class 1 0.3s (cumulative)
[nb_ridge] solve class 2 0.5s (cumulative)
    ridge-select: scale 2 → sel-slice acc 0.5500
[nb_ridge] tokenize+counts 0.0s (19600 docs, 3 classes)
[nb_ridge] solve class 0 0.2s (cumulative)
[nb_ridge] solve class 1 0.3s (cumulative)
[nb_ridge] solve class 2 0.4s (cumulative)
    ridge-select: scale 4 → sel-slice acc 0.5200
[nb_ridge] tokenize+counts 0.0s (19600 docs, 3 classes)
[nb_ridge] solve class 0 0.2s (cumulative)
[nb_ridge] solve class 1 0.3s (cumulative)
[nb_ridge] solve class 2 0.4s (cumulative)
    ridge-select: scale 8 → sel-slice acc 0.4950
    ridge-select: selected 0 — the suite's row below is the single test read, at this posture
    readout-report: best-on-cal max_prob (dispatch 0.5735, max_prob 0.1904, inv_entropy 0.5735 vs dispatch 0.5735; margin 0.005; REPORT-ONLY — the arming lever is demoted, Bench 052)
    modelless: acc 0.5233 · ece(maxp) 0.1162 · p50 0.097 ms · 3.8 s
═══ suite massive_intent_en ═══
    300 cases / 300 questions · 59 domains
    head-select: stratified slice 200 case(s); corpora pool 11314 → 11111 doc(s)
    head-select: scale 0 → sel-slice acc 0.4500
    head-select: scale 0.25 → sel-slice acc 0.4900
    head-select: scale 0.5 → sel-slice acc 0.4950
    head-select: scale 1 → sel-slice acc 0.4950
    head-select: selected 0 — the suite's row below is the single test read, at this posture
    nb-select: stratified slice 200 case(s); corpora pool 11314 → 11111 doc(s)
    nb-select: scale 0 (off) → sel-slice acc 0.4500
    nb-select: scale 1 α observed-laplace noul-yes None view bag → sel-slice acc 0.5850
    nb-select: scale 4 α observed-laplace noul-yes None view bag → sel-slice acc 0.6050
    nb-select: scale 16 α observed-laplace noul-yes None view bag → sel-slice acc 0.5950
    nb-select: scale 32 α observed-laplace noul-yes None view bag → sel-slice acc 0.5950
    nb-select: scale 64 α observed-laplace noul-yes None view bag → sel-slice acc 0.5950
    nb-select: scale 1 α fixed-1 noul-yes None view bag → sel-slice acc 0.5500
    nb-select: scale 4 α fixed-1 noul-yes None view bag → sel-slice acc 0.5850
    nb-select: scale 16 α fixed-1 noul-yes None view bag → sel-slice acc 0.5650
    nb-select: scale 32 α fixed-1 noul-yes None view bag → sel-slice acc 0.5650
    nb-select: scale 64 α fixed-1 noul-yes None view bag → sel-slice acc 0.5650
    nb-select: selected scale 4 α observed-laplace noul-yes None — the suite's row below is the single test read, at this posture
    ridge-select: stratified slice 200 case(s); corpora pool 11314 → 11111 doc(s)
    ridge-select: scale 0 (off) → sel-slice acc 0.6050
[nb_ridge] tokenize+counts 0.0s (11110 docs, 59 classes)
[nb_ridge] solve class 0 0.1s (cumulative)
[nb_ridge] solve class 1 0.3s (cumulative)
[nb_ridge] solve class 2 0.4s (cumulative)
[nb_ridge] solve class 3 0.5s (cumulative)
[nb_ridge] solve class 4 0.6s (cumulative)
[nb_ridge] solve class 5 0.8s (cumulative)
[nb_ridge] solve class 6 0.9s (cumulative)
[nb_ridge] solve class 7 1.0s (cumulative)
[nb_ridge] solve class 8 1.1s (cumulative)
[nb_ridge] solve class 9 1.2s (cumulative)
[nb_ridge] solve class 10 1.4s (cumulative)
[nb_ridge] solve class 11 1.5s (cumulative)
[nb_ridge] solve class 12 1.6s (cumulative)
[nb_ridge] solve class 13 1.7s (cumulative)
[nb_ridge] solve class 14 1.9s (cumulative)
[nb_ridge] solve class 15 2.0s (cumulative)
[nb_ridge] solve class 16 2.1s (cumulative)
[nb_ridge] solve class 17 2.2s (cumulative)
[nb_ridge] solve class 18 2.4s (cumulative)
[nb_ridge] solve class 19 2.5s (cumulative)
[nb_ridge] solve class 20 2.6s (cumulative)
[nb_ridge] solve class 21 2.7s (cumulative)
[nb_ridge] solve class 22 2.8s (cumulative)
[nb_ridge] solve class 23 3.0s (cumulative)
[nb_ridge] solve class 24 3.1s (cumulative)
[nb_ridge] solve class 25 3.2s (cumulative)
[nb_ridge] solve class 26 3.3s (cumulative)
[nb_ridge] solve class 27 3.5s (cumulative)
[nb_ridge] solve class 28 3.6s (cumulative)
[nb_ridge] solve class 29 3.7s (cumulative)
[nb_ridge] solve class 30 3.8s (cumulative)
[nb_ridge] solve class 31 4.0s (cumulative)
[nb_ridge] solve class 32 4.1s (cumulative)
[nb_ridge] solve class 33 4.2s (cumulative)
[nb_ridge] solve class 34 4.3s (cumulative)
[nb_ridge] solve class 35 4.4s (cumulative)
[nb_ridge] solve class 36 4.6s (cumulative)
[nb_ridge] solve class 37 4.7s (cumulative)
[nb_ridge] solve class 38 4.8s (cumulative)
[nb_ridge] solve class 39 4.9s (cumulative)
[nb_ridge] solve class 40 5.1s (cumulative)
[nb_ridge] solve class 41 5.2s (cumulative)
[nb_ridge] solve class 42 5.3s (cumulative)
[nb_ridge] solve class 43 5.4s (cumulative)
[nb_ridge] solve class 44 5.6s (cumulative)
[nb_ridge] solve class 45 5.7s (cumulative)
[nb_ridge] solve class 46 5.8s (cumulative)
[nb_ridge] solve class 47 5.9s (cumulative)
[nb_ridge] solve class 48 6.0s (cumulative)
[nb_ridge] solve class 49 6.2s (cumulative)
[nb_ridge] solve class 50 6.3s (cumulative)
[nb_ridge] solve class 51 6.4s (cumulative)
[nb_ridge] solve class 52 6.5s (cumulative)
[nb_ridge] solve class 53 6.7s (cumulative)
[nb_ridge] solve class 54 6.8s (cumulative)
[nb_ridge] solve class 55 6.9s (cumulative)
[nb_ridge] solve class 56 7.0s (cumulative)
[nb_ridge] solve class 57 7.2s (cumulative)
[nb_ridge] solve class 58 7.3s (cumulative)
    ridge-select: scale 0.5 → sel-slice acc 0.6050
[nb_ridge] tokenize+counts 0.0s (11110 docs, 59 classes)
[nb_ridge] solve class 0 0.1s (cumulative)
[nb_ridge] solve class 1 0.3s (cumulative)
[nb_ridge] solve class 2 0.4s (cumulative)
[nb_ridge] solve class 3 0.5s (cumulative)
[nb_ridge] solve class 4 0.6s (cumulative)
[nb_ridge] solve class 5 0.7s (cumulative)
[nb_ridge] solve class 6 0.9s (cumulative)
[nb_ridge] solve class 7 1.0s (cumulative)
[nb_ridge] solve class 8 1.1s (cumulative)
[nb_ridge] solve class 9 1.2s (cumulative)
[nb_ridge] solve class 10 1.4s (cumulative)
[nb_ridge] solve class 11 1.5s (cumulative)
[nb_ridge] solve class 12 1.6s (cumulative)
[nb_ridge] solve class 13 1.7s (cumulative)
[nb_ridge] solve class 14 1.9s (cumulative)
[nb_ridge] solve class 15 2.0s (cumulative)
[nb_ridge] solve class 16 2.1s (cumulative)
[nb_ridge] solve class 17 2.2s (cumulative)
[nb_ridge] solve class 18 2.4s (cumulative)
[nb_ridge] solve class 19 2.5s (cumulative)
[nb_ridge] solve class 20 2.6s (cumulative)
[nb_ridge] solve class 21 2.7s (cumulative)
[nb_ridge] solve class 22 2.8s (cumulative)
[nb_ridge] solve class 23 3.0s (cumulative)
[nb_ridge] solve class 24 3.1s (cumulative)
[nb_ridge] solve class 25 3.2s (cumulative)
[nb_ridge] solve class 26 3.3s (cumulative)
[nb_ridge] solve class 27 3.5s (cumulative)
[nb_ridge] solve class 28 3.6s (cumulative)
[nb_ridge] solve class 29 3.7s (cumulative)
[nb_ridge] solve class 30 3.8s (cumulative)
[nb_ridge] solve class 31 3.9s (cumulative)
[nb_ridge] solve class 32 4.1s (cumulative)
[nb_ridge] solve class 33 4.2s (cumulative)
[nb_ridge] solve class 34 4.3s (cumulative)
[nb_ridge] solve class 35 4.4s (cumulative)
[nb_ridge] solve class 36 4.6s (cumulative)
[nb_ridge] solve class 37 4.7s (cumulative)
[nb_ridge] solve class 38 4.8s (cumulative)
[nb_ridge] solve class 39 4.9s (cumulative)
[nb_ridge] solve class 40 5.1s (cumulative)
[nb_ridge] solve class 41 5.2s (cumulative)
[nb_ridge] solve class 42 5.3s (cumulative)
[nb_ridge] solve class 43 5.4s (cumulative)
[nb_ridge] solve class 44 5.5s (cumulative)
[nb_ridge] solve class 45 5.7s (cumulative)
[nb_ridge] solve class 46 5.8s (cumulative)
[nb_ridge] solve class 47 5.9s (cumulative)
[nb_ridge] solve class 48 6.0s (cumulative)
[nb_ridge] solve class 49 6.2s (cumulative)
[nb_ridge] solve class 50 6.3s (cumulative)
[nb_ridge] solve class 51 6.4s (cumulative)
[nb_ridge] solve class 52 6.5s (cumulative)
[nb_ridge] solve class 53 6.7s (cumulative)
[nb_ridge] solve class 54 6.8s (cumulative)
[nb_ridge] solve class 55 6.9s (cumulative)
[nb_ridge] solve class 56 7.0s (cumulative)
[nb_ridge] solve class 57 7.1s (cumulative)
[nb_ridge] solve class 58 7.3s (cumulative)
    ridge-select: scale 1 → sel-slice acc 0.6050
[nb_ridge] tokenize+counts 0.0s (11110 docs, 59 classes)
[nb_ridge] solve class 0 0.1s (cumulative)
[nb_ridge] solve class 1 0.3s (cumulative)
[nb_ridge] solve class 2 0.4s (cumulative)
[nb_ridge] solve class 3 0.5s (cumulative)
[nb_ridge] solve class 4 0.6s (cumulative)
[nb_ridge] solve class 5 0.8s (cumulative)
[nb_ridge] solve class 6 0.9s (cumulative)
[nb_ridge] solve class 7 1.0s (cumulative)
[nb_ridge] solve class 8 1.1s (cumulative)
[nb_ridge] solve class 9 1.2s (cumulative)
[nb_ridge] solve class 10 1.4s (cumulative)
[nb_ridge] solve class 11 1.5s (cumulative)
[nb_ridge] solve class 12 1.6s (cumulative)
[nb_ridge] solve class 13 1.7s (cumulative)
[nb_ridge] solve class 14 1.9s (cumulative)
[nb_ridge] solve class 15 2.0s (cumulative)
[nb_ridge] solve class 16 2.1s (cumulative)
[nb_ridge] solve class 17 2.2s (cumulative)
[nb_ridge] solve class 18 2.3s (cumulative)
[nb_ridge] solve class 19 2.5s (cumulative)
[nb_ridge] solve class 20 2.6s (cumulative)
[nb_ridge] solve class 21 2.7s (cumulative)
[nb_ridge] solve class 22 2.8s (cumulative)
[nb_ridge] solve class 23 3.0s (cumulative)
[nb_ridge] solve class 24 3.1s (cumulative)
[nb_ridge] solve class 25 3.2s (cumulative)
[nb_ridge] solve class 26 3.4s (cumulative)
[nb_ridge] solve class 27 3.5s (cumulative)
[nb_ridge] solve class 28 3.6s (cumulative)
[nb_ridge] solve class 29 3.8s (cumulative)
[nb_ridge] solve class 30 3.9s (cumulative)
[nb_ridge] solve class 31 4.0s (cumulative)
[nb_ridge] solve class 32 4.2s (cumulative)
[nb_ridge] solve class 33 4.3s (cumulative)
[nb_ridge] solve class 34 4.4s (cumulative)
[nb_ridge] solve class 35 4.6s (cumulative)
[nb_ridge] solve class 36 4.7s (cumulative)
[nb_ridge] solve class 37 4.8s (cumulative)
[nb_ridge] solve class 38 4.9s (cumulative)
[nb_ridge] solve class 39 5.1s (cumulative)
[nb_ridge] solve class 40 5.2s (cumulative)
[nb_ridge] solve class 41 5.3s (cumulative)
[nb_ridge] solve class 42 5.4s (cumulative)
[nb_ridge] solve class 43 5.6s (cumulative)
[nb_ridge] solve class 44 5.7s (cumulative)
[nb_ridge] solve class 45 5.8s (cumulative)
[nb_ridge] solve class 46 5.9s (cumulative)
[nb_ridge] solve class 47 6.1s (cumulative)
[nb_ridge] solve class 48 6.2s (cumulative)
[nb_ridge] solve class 49 6.3s (cumulative)
[nb_ridge] solve class 50 6.4s (cumulative)
[nb_ridge] solve class 51 6.6s (cumulative)
[nb_ridge] solve class 52 6.7s (cumulative)
[nb_ridge] solve class 53 6.8s (cumulative)
[nb_ridge] solve class 54 6.9s (cumulative)
[nb_ridge] solve class 55 7.1s (cumulative)
[nb_ridge] solve class 56 7.2s (cumulative)
[nb_ridge] solve class 57 7.3s (cumulative)
[nb_ridge] solve class 58 7.4s (cumulative)
    ridge-select: scale 2 → sel-slice acc 0.6100
[nb_ridge] tokenize+counts 0.0s (11110 docs, 59 classes)
[nb_ridge] solve class 0 0.1s (cumulative)
[nb_ridge] solve class 1 0.3s (cumulative)
[nb_ridge] solve class 2 0.4s (cumulative)
[nb_ridge] solve class 3 0.5s (cumulative)
[nb_ridge] solve class 4 0.6s (cumulative)
[nb_ridge] solve class 5 0.8s (cumulative)
[nb_ridge] solve class 6 0.9s (cumulative)
[nb_ridge] solve class 7 1.0s (cumulative)
[nb_ridge] solve class 8 1.1s (cumulative)
[nb_ridge] solve class 9 1.3s (cumulative)
[nb_ridge] solve class 10 1.4s (cumulative)
[nb_ridge] solve class 11 1.5s (cumulative)
[nb_ridge] solve class 12 1.6s (cumulative)
[nb_ridge] solve class 13 1.7s (cumulative)
[nb_ridge] solve class 14 1.9s (cumulative)
[nb_ridge] solve class 15 2.0s (cumulative)
[nb_ridge] solve class 16 2.1s (cumulative)
[nb_ridge] solve class 17 2.2s (cumulative)
[nb_ridge] solve class 18 2.4s (cumulative)
[nb_ridge] solve class 19 2.5s (cumulative)
[nb_ridge] solve class 20 2.6s (cumulative)
[nb_ridge] solve class 21 2.7s (cumulative)
[nb_ridge] solve class 22 2.9s (cumulative)
[nb_ridge] solve class 23 3.0s (cumulative)
[nb_ridge] solve class 24 3.1s (cumulative)
[nb_ridge] solve class 25 3.2s (cumulative)
[nb_ridge] solve class 26 3.4s (cumulative)
[nb_ridge] solve class 27 3.5s (cumulative)
[nb_ridge] solve class 28 3.6s (cumulative)
[nb_ridge] solve class 29 3.7s (cumulative)
[nb_ridge] solve class 30 3.9s (cumulative)
[nb_ridge] solve class 31 4.0s (cumulative)
[nb_ridge] solve class 32 4.1s (cumulative)
[nb_ridge] solve class 33 4.2s (cumulative)
[nb_ridge] solve class 34 4.3s (cumulative)
[nb_ridge] solve class 35 4.5s (cumulative)
[nb_ridge] solve class 36 4.6s (cumulative)
[nb_ridge] solve class 37 4.7s (cumulative)
[nb_ridge] solve class 38 4.8s (cumulative)
[nb_ridge] solve class 39 5.0s (cumulative)
[nb_ridge] solve class 40 5.1s (cumulative)
[nb_ridge] solve class 41 5.2s (cumulative)
[nb_ridge] solve class 42 5.3s (cumulative)
[nb_ridge] solve class 43 5.5s (cumulative)
[nb_ridge] solve class 44 5.6s (cumulative)
[nb_ridge] solve class 45 5.7s (cumulative)
[nb_ridge] solve class 46 5.8s (cumulative)
[nb_ridge] solve class 47 6.0s (cumulative)
[nb_ridge] solve class 48 6.1s (cumulative)
[nb_ridge] solve class 49 6.2s (cumulative)
[nb_ridge] solve class 50 6.3s (cumulative)
[nb_ridge] solve class 51 6.5s (cumulative)
[nb_ridge] solve class 52 6.6s (cumulative)
[nb_ridge] solve class 53 6.7s (cumulative)
[nb_ridge] solve class 54 6.8s (cumulative)
[nb_ridge] solve class 55 6.9s (cumulative)
[nb_ridge] solve class 56 7.1s (cumulative)
[nb_ridge] solve class 57 7.2s (cumulative)
[nb_ridge] solve class 58 7.4s (cumulative)
    ridge-select: scale 4 → sel-slice acc 0.6300
[nb_ridge] tokenize+counts 0.0s (11110 docs, 59 classes)
[nb_ridge] solve class 0 0.1s (cumulative)
[nb_ridge] solve class 1 0.3s (cumulative)
[nb_ridge] solve class 2 0.4s (cumulative)
[nb_ridge] solve class 3 0.5s (cumulative)
[nb_ridge] solve class 4 0.7s (cumulative)
[nb_ridge] solve class 5 0.8s (cumulative)
[nb_ridge] solve class 6 0.9s (cumulative)
[nb_ridge] solve class 7 1.1s (cumulative)
[nb_ridge] solve class 8 1.2s (cumulative)
[nb_ridge] solve class 9 1.3s (cumulative)
[nb_ridge] solve class 10 1.5s (cumulative)
[nb_ridge] solve class 11 1.6s (cumulative)
[nb_ridge] solve class 12 1.7s (cumulative)
[nb_ridge] solve class 13 1.9s (cumulative)
[nb_ridge] solve class 14 2.0s (cumulative)
[nb_ridge] solve class 15 2.2s (cumulative)
[nb_ridge] solve class 16 2.3s (cumulative)
[nb_ridge] solve class 17 2.5s (cumulative)
[nb_ridge] solve class 18 2.6s (cumulative)
[nb_ridge] solve class 19 2.7s (cumulative)
[nb_ridge] solve class 20 2.9s (cumulative)
[nb_ridge] solve class 21 3.0s (cumulative)
[nb_ridge] solve class 22 3.2s (cumulative)
[nb_ridge] solve class 23 3.3s (cumulative)
[nb_ridge] solve class 24 3.5s (cumulative)
[nb_ridge] solve class 25 3.6s (cumulative)
[nb_ridge] solve class 26 3.7s (cumulative)
[nb_ridge] solve class 27 3.9s (cumulative)
[nb_ridge] solve class 28 4.0s (cumulative)
[nb_ridge] solve class 29 4.2s (cumulative)
[nb_ridge] solve class 30 4.3s (cumulative)
[nb_ridge] solve class 31 4.5s (cumulative)
[nb_ridge] solve class 32 4.6s (cumulative)
[nb_ridge] solve class 33 4.7s (cumulative)
[nb_ridge] solve class 34 4.9s (cumulative)
[nb_ridge] solve class 35 5.0s (cumulative)
[nb_ridge] solve class 36 5.2s (cumulative)
[nb_ridge] solve class 37 5.3s (cumulative)
[nb_ridge] solve class 38 5.4s (cumulative)
[nb_ridge] solve class 39 5.6s (cumulative)
[nb_ridge] solve class 40 5.7s (cumulative)
[nb_ridge] solve class 41 5.9s (cumulative)
[nb_ridge] solve class 42 6.0s (cumulative)
[nb_ridge] solve class 43 6.2s (cumulative)
[nb_ridge] solve class 44 6.3s (cumulative)
[nb_ridge] solve class 45 6.4s (cumulative)
[nb_ridge] solve class 46 6.6s (cumulative)
[nb_ridge] solve class 47 6.7s (cumulative)
[nb_ridge] solve class 48 6.9s (cumulative)
[nb_ridge] solve class 49 7.0s (cumulative)
[nb_ridge] solve class 50 7.1s (cumulative)
[nb_ridge] solve class 51 7.3s (cumulative)
[nb_ridge] solve class 52 7.4s (cumulative)
[nb_ridge] solve class 53 7.5s (cumulative)
[nb_ridge] solve class 54 7.7s (cumulative)
[nb_ridge] solve class 55 7.8s (cumulative)
[nb_ridge] solve class 56 8.0s (cumulative)
[nb_ridge] solve class 57 8.1s (cumulative)
[nb_ridge] solve class 58 8.3s (cumulative)
    ridge-select: scale 8 → sel-slice acc 0.6200
    ridge-select: selected 0 — the suite's row below is the single test read, at this posture
    readout-report: best-on-cal dispatch (dispatch 0.4618, max_prob 0.4618, inv_entropy 0.5519 vs dispatch 0.4618; margin 0.005; REPORT-ONLY — the arming lever is demoted, Bench 052)
    modelless: acc 0.7800 · ece(maxp) 0.6352 · p50 0.120 ms · 41.5 s
═══ suite banking77 ═══
    500 cases / 500 questions · 77 domains
    head-select: stratified slice 200 case(s); corpora pool 9793 → 9593 doc(s)
    head-select: scale 0 → sel-slice acc 0.4650
    head-select: scale 0.25 → sel-slice acc 0.5400
    head-select: scale 0.5 → sel-slice acc 0.5650
    head-select: scale 1 → sel-slice acc 0.6200
    head-select: selected 1 — the suite's row below is the single test read, at this posture
    nb-select: stratified slice 200 case(s); corpora pool 9793 → 9593 doc(s)
    nb-select: scale 0 (off) → sel-slice acc 0.6200
    nb-select: scale 1 α observed-laplace noul-yes None view bag → sel-slice acc 0.8200
    nb-select: scale 4 α observed-laplace noul-yes None view bag → sel-slice acc 0.8000
    nb-select: scale 16 α observed-laplace noul-yes None view bag → sel-slice acc 0.8050
    nb-select: scale 32 α observed-laplace noul-yes None view bag → sel-slice acc 0.8050
    nb-select: scale 64 α observed-laplace noul-yes None view bag → sel-slice acc 0.8050
    nb-select: scale 1 α fixed-1 noul-yes None view bag → sel-slice acc 0.8000
    nb-select: scale 4 α fixed-1 noul-yes None view bag → sel-slice acc 0.7800
    nb-select: scale 16 α fixed-1 noul-yes None view bag → sel-slice acc 0.7650
    nb-select: scale 32 α fixed-1 noul-yes None view bag → sel-slice acc 0.7700
    nb-select: scale 64 α fixed-1 noul-yes None view bag → sel-slice acc 0.7600
    nb-select: selected scale 1 α observed-laplace noul-yes None — the suite's row below is the single test read, at this posture
    ridge-select: stratified slice 200 case(s); corpora pool 9793 → 9593 doc(s)
    ridge-select: scale 0 (off) → sel-slice acc 0.8200
[nb_ridge] tokenize+counts 0.0s (9593 docs, 77 classes)
[nb_ridge] solve class 0 0.2s (cumulative)
[nb_ridge] solve class 1 0.3s (cumulative)
[nb_ridge] solve class 2 0.4s (cumulative)
[nb_ridge] solve class 3 0.6s (cumulative)
[nb_ridge] solve class 4 0.7s (cumulative)
[nb_ridge] solve class 5 0.9s (cumulative)
[nb_ridge] solve class 6 1.0s (cumulative)
[nb_ridge] solve class 7 1.1s (cumulative)
[nb_ridge] solve class 8 1.3s (cumulative)
[nb_ridge] solve class 9 1.4s (cumulative)
[nb_ridge] solve class 10 1.6s (cumulative)
[nb_ridge] solve class 11 1.7s (cumulative)
[nb_ridge] solve class 12 1.8s (cumulative)
[nb_ridge] solve class 13 2.0s (cumulative)
[nb_ridge] solve class 14 2.1s (cumulative)
[nb_ridge] solve class 15 2.3s (cumulative)
[nb_ridge] solve class 16 2.4s (cumulative)
[nb_ridge] solve class 17 2.6s (cumulative)
[nb_ridge] solve class 18 2.7s (cumulative)
[nb_ridge] solve class 19 2.8s (cumulative)
[nb_ridge] solve class 20 3.0s (cumulative)
[nb_ridge] solve class 21 3.1s (cumulative)
[nb_ridge] solve class 22 3.3s (cumulative)
[nb_ridge] solve class 23 3.4s (cumulative)
[nb_ridge] solve class 24 3.5s (cumulative)
[nb_ridge] solve class 25 3.7s (cumulative)
[nb_ridge] solve class 26 3.8s (cumulative)
[nb_ridge] solve class 27 4.0s (cumulative)
[nb_ridge] solve class 28 4.1s (cumulative)
[nb_ridge] solve class 29 4.3s (cumulative)
[nb_ridge] solve class 30 4.4s (cumulative)
[nb_ridge] solve class 31 4.5s (cumulative)
[nb_ridge] solve class 32 4.7s (cumulative)
[nb_ridge] solve class 33 4.8s (cumulative)
[nb_ridge] solve class 34 5.0s (cumulative)
[nb_ridge] solve class 35 5.1s (cumulative)
[nb_ridge] solve class 36 5.2s (cumulative)
[nb_ridge] solve class 37 5.4s (cumulative)
[nb_ridge] solve class 38 5.5s (cumulative)
[nb_ridge] solve class 39 5.7s (cumulative)
[nb_ridge] solve class 40 5.8s (cumulative)
[nb_ridge] solve class 41 5.9s (cumulative)
[nb_ridge] solve class 42 6.1s (cumulative)
[nb_ridge] solve class 43 6.2s (cumulative)
[nb_ridge] solve class 44 6.4s (cumulative)
[nb_ridge] solve class 45 6.5s (cumulative)
[nb_ridge] solve class 46 6.6s (cumulative)
[nb_ridge] solve class 47 6.8s (cumulative)
[nb_ridge] solve class 48 6.9s (cumulative)
[nb_ridge] solve class 49 7.1s (cumulative)
[nb_ridge] solve class 50 7.2s (cumulative)
[nb_ridge] solve class 51 7.4s (cumulative)
[nb_ridge] solve class 52 7.5s (cumulative)
[nb_ridge] solve class 53 7.6s (cumulative)
[nb_ridge] solve class 54 7.8s (cumulative)
[nb_ridge] solve class 55 7.9s (cumulative)
[nb_ridge] solve class 56 8.1s (cumulative)
[nb_ridge] solve class 57 8.2s (cumulative)
[nb_ridge] solve class 58 8.3s (cumulative)
[nb_ridge] solve class 59 8.5s (cumulative)
[nb_ridge] solve class 60 8.6s (cumulative)
[nb_ridge] solve class 61 8.8s (cumulative)
[nb_ridge] solve class 62 8.9s (cumulative)
[nb_ridge] solve class 63 9.0s (cumulative)
[nb_ridge] solve class 64 9.2s (cumulative)
[nb_ridge] solve class 65 9.3s (cumulative)
[nb_ridge] solve class 66 9.5s (cumulative)
[nb_ridge] solve class 67 9.6s (cumulative)
[nb_ridge] solve class 68 9.8s (cumulative)
[nb_ridge] solve class 69 9.9s (cumulative)
[nb_ridge] solve class 70 10.0s (cumulative)
[nb_ridge] solve class 71 10.2s (cumulative)
[nb_ridge] solve class 72 10.3s (cumulative)
[nb_ridge] solve class 73 10.5s (cumulative)
[nb_ridge] solve class 74 10.6s (cumulative)
[nb_ridge] solve class 75 10.7s (cumulative)
[nb_ridge] solve class 76 10.9s (cumulative)
    ridge-select: scale 0.5 → sel-slice acc 0.8400
[nb_ridge] tokenize+counts 0.0s (9593 docs, 77 classes)
[nb_ridge] solve class 0 0.2s (cumulative)
[nb_ridge] solve class 1 0.3s (cumulative)
[nb_ridge] solve class 2 0.4s (cumulative)
[nb_ridge] solve class 3 0.6s (cumulative)
[nb_ridge] solve class 4 0.7s (cumulative)
[nb_ridge] solve class 5 0.9s (cumulative)
[nb_ridge] solve class 6 1.0s (cumulative)
[nb_ridge] solve class 7 1.2s (cumulative)
[nb_ridge] solve class 8 1.3s (cumulative)
[nb_ridge] solve class 9 1.4s (cumulative)
[nb_ridge] solve class 10 1.6s (cumulative)
[nb_ridge] solve class 11 1.7s (cumulative)
[nb_ridge] solve class 12 1.9s (cumulative)
[nb_ridge] solve class 13 2.0s (cumulative)
[nb_ridge] solve class 14 2.1s (cumulative)
[nb_ridge] solve class 15 2.3s (cumulative)
[nb_ridge] solve class 16 2.4s (cumulative)
[nb_ridge] solve class 17 2.6s (cumulative)
[nb_ridge] solve class 18 2.7s (cumulative)
[nb_ridge] solve class 19 2.8s (cumulative)
[nb_ridge] solve class 20 3.0s (cumulative)
[nb_ridge] solve class 21 3.1s (cumulative)
[nb_ridge] solve class 22 3.3s (cumulative)
[nb_ridge] solve class 23 3.4s (cumulative)
[nb_ridge] solve class 24 3.5s (cumulative)
[nb_ridge] solve class 25 3.7s (cumulative)
[nb_ridge] solve class 26 3.8s (cumulative)
[nb_ridge] solve class 27 4.0s (cumulative)
[nb_ridge] solve class 28 4.1s (cumulative)
[nb_ridge] solve class 29 4.3s (cumulative)
[nb_ridge] solve class 30 4.4s (cumulative)
[nb_ridge] solve class 31 4.5s (cumulative)
[nb_ridge] solve class 32 4.7s (cumulative)
[nb_ridge] solve class 33 4.8s (cumulative)
[nb_ridge] solve class 34 5.0s (cumulative)
[nb_ridge] solve class 35 5.1s (cumulative)
[nb_ridge] solve class 36 5.2s (cumulative)
[nb_ridge] solve class 37 5.4s (cumulative)
[nb_ridge] solve class 38 5.5s (cumulative)
[nb_ridge] solve class 39 5.7s (cumulative)
[nb_ridge] solve class 40 5.8s (cumulative)
[nb_ridge] solve class 41 5.9s (cumulative)
[nb_ridge] solve class 42 6.1s (cumulative)
[nb_ridge] solve class 43 6.2s (cumulative)
[nb_ridge] solve class 44 6.3s (cumulative)
[nb_ridge] solve class 45 6.5s (cumulative)
[nb_ridge] solve class 46 6.6s (cumulative)
[nb_ridge] solve class 47 6.8s (cumulative)
[nb_ridge] solve class 48 6.9s (cumulative)
[nb_ridge] solve class 49 7.0s (cumulative)
[nb_ridge] solve class 50 7.2s (cumulative)
[nb_ridge] solve class 51 7.3s (cumulative)
[nb_ridge] solve class 52 7.5s (cumulative)
[nb_ridge] solve class 53 7.6s (cumulative)
[nb_ridge] solve class 54 7.7s (cumulative)
[nb_ridge] solve class 55 7.9s (cumulative)
[nb_ridge] solve class 56 8.0s (cumulative)
[nb_ridge] solve class 57 8.1s (cumulative)
[nb_ridge] solve class 58 8.3s (cumulative)
[nb_ridge] solve class 59 8.4s (cumulative)
[nb_ridge] solve class 60 8.6s (cumulative)
[nb_ridge] solve class 61 8.7s (cumulative)
[nb_ridge] solve class 62 8.8s (cumulative)
[nb_ridge] solve class 63 9.0s (cumulative)
[nb_ridge] solve class 64 9.1s (cumulative)
[nb_ridge] solve class 65 9.3s (cumulative)
[nb_ridge] solve class 66 9.4s (cumulative)
[nb_ridge] solve class 67 9.5s (cumulative)
[nb_ridge] solve class 68 9.7s (cumulative)
[nb_ridge] solve class 69 9.8s (cumulative)
[nb_ridge] solve class 70 9.9s (cumulative)
[nb_ridge] solve class 71 10.1s (cumulative)
[nb_ridge] solve class 72 10.2s (cumulative)
[nb_ridge] solve class 73 10.4s (cumulative)
[nb_ridge] solve class 74 10.5s (cumulative)
[nb_ridge] solve class 75 10.6s (cumulative)
[nb_ridge] solve class 76 10.8s (cumulative)
    ridge-select: scale 1 → sel-slice acc 0.8450
[nb_ridge] tokenize+counts 0.0s (9593 docs, 77 classes)
[nb_ridge] solve class 0 0.2s (cumulative)
[nb_ridge] solve class 1 0.3s (cumulative)
[nb_ridge] solve class 2 0.4s (cumulative)
[nb_ridge] solve class 3 0.6s (cumulative)
[nb_ridge] solve class 4 0.7s (cumulative)
[nb_ridge] solve class 5 0.9s (cumulative)
[nb_ridge] solve class 6 1.0s (cumulative)
[nb_ridge] solve class 7 1.1s (cumulative)
[nb_ridge] solve class 8 1.3s (cumulative)
[nb_ridge] solve class 9 1.4s (cumulative)
[nb_ridge] solve class 10 1.6s (cumulative)
[nb_ridge] solve class 11 1.7s (cumulative)
[nb_ridge] solve class 12 1.8s (cumulative)
[nb_ridge] solve class 13 2.0s (cumulative)
[nb_ridge] solve class 14 2.1s (cumulative)
[nb_ridge] solve class 15 2.3s (cumulative)
[nb_ridge] solve class 16 2.4s (cumulative)
[nb_ridge] solve class 17 2.5s (cumulative)
[nb_ridge] solve class 18 2.7s (cumulative)
[nb_ridge] solve class 19 2.8s (cumulative)
[nb_ridge] solve class 20 2.9s (cumulative)
[nb_ridge] solve class 21 3.1s (cumulative)
[nb_ridge] solve class 22 3.2s (cumulative)
[nb_ridge] solve class 23 3.4s (cumulative)
[nb_ridge] solve class 24 3.5s (cumulative)
[nb_ridge] solve class 25 3.6s (cumulative)
[nb_ridge] solve class 26 3.8s (cumulative)
[nb_ridge] solve class 27 3.9s (cumulative)
[nb_ridge] solve class 28 4.1s (cumulative)
[nb_ridge] solve class 29 4.2s (cumulative)
[nb_ridge] solve class 30 4.3s (cumulative)
[nb_ridge] solve class 31 4.5s (cumulative)
[nb_ridge] solve class 32 4.6s (cumulative)
[nb_ridge] solve class 33 4.7s (cumulative)
[nb_ridge] solve class 34 4.9s (cumulative)
[nb_ridge] solve class 35 5.0s (cumulative)
[nb_ridge] solve class 36 5.2s (cumulative)
[nb_ridge] solve class 37 5.3s (cumulative)
[nb_ridge] solve class 38 5.4s (cumulative)
[nb_ridge] solve class 39 5.6s (cumulative)
[nb_ridge] solve class 40 5.7s (cumulative)
[nb_ridge] solve class 41 5.9s (cumulative)
[nb_ridge] solve class 42 6.0s (cumulative)
[nb_ridge] solve class 43 6.1s (cumulative)
[nb_ridge] solve class 44 6.3s (cumulative)
[nb_ridge] solve class 45 6.4s (cumulative)
[nb_ridge] solve class 46 6.6s (cumulative)
[nb_ridge] solve class 47 6.7s (cumulative)
[nb_ridge] solve class 48 6.8s (cumulative)
[nb_ridge] solve class 49 7.0s (cumulative)
[nb_ridge] solve class 50 7.1s (cumulative)
[nb_ridge] solve class 51 7.3s (cumulative)
[nb_ridge] solve class 52 7.4s (cumulative)
[nb_ridge] solve class 53 7.5s (cumulative)
[nb_ridge] solve class 54 7.7s (cumulative)
[nb_ridge] solve class 55 7.8s (cumulative)
[nb_ridge] solve class 56 8.0s (cumulative)
[nb_ridge] solve class 57 8.1s (cumulative)
[nb_ridge] solve class 58 8.2s (cumulative)
[nb_ridge] solve class 59 8.4s (cumulative)
[nb_ridge] solve class 60 8.5s (cumulative)
[nb_ridge] solve class 61 8.7s (cumulative)
[nb_ridge] solve class 62 8.8s (cumulative)
[nb_ridge] solve class 63 8.9s (cumulative)
[nb_ridge] solve class 64 9.1s (cumulative)
[nb_ridge] solve class 65 9.2s (cumulative)
[nb_ridge] solve class 66 9.3s (cumulative)
[nb_ridge] solve class 67 9.5s (cumulative)
[nb_ridge] solve class 68 9.6s (cumulative)
[nb_ridge] solve class 69 9.8s (cumulative)
[nb_ridge] solve class 70 9.9s (cumulative)
[nb_ridge] solve class 71 10.0s (cumulative)
[nb_ridge] solve class 72 10.2s (cumulative)
[nb_ridge] solve class 73 10.3s (cumulative)
[nb_ridge] solve class 74 10.4s (cumulative)
[nb_ridge] solve class 75 10.6s (cumulative)
[nb_ridge] solve class 76 10.7s (cumulative)
    ridge-select: scale 2 → sel-slice acc 0.8350
[nb_ridge] tokenize+counts 0.0s (9593 docs, 77 classes)
[nb_ridge] solve class 0 0.2s (cumulative)
[nb_ridge] solve class 1 0.3s (cumulative)
[nb_ridge] solve class 2 0.4s (cumulative)
[nb_ridge] solve class 3 0.6s (cumulative)
[nb_ridge] solve class 4 0.7s (cumulative)
[nb_ridge] solve class 5 0.8s (cumulative)
[nb_ridge] solve class 6 1.0s (cumulative)
[nb_ridge] solve class 7 1.1s (cumulative)
[nb_ridge] solve class 8 1.3s (cumulative)
[nb_ridge] solve class 9 1.4s (cumulative)
[nb_ridge] solve class 10 1.5s (cumulative)
[nb_ridge] solve class 11 1.7s (cumulative)
[nb_ridge] solve class 12 1.8s (cumulative)
[nb_ridge] solve class 13 1.9s (cumulative)
[nb_ridge] solve class 14 2.1s (cumulative)
[nb_ridge] solve class 15 2.2s (cumulative)
[nb_ridge] solve class 16 2.4s (cumulative)
[nb_ridge] solve class 17 2.5s (cumulative)
[nb_ridge] solve class 18 2.6s (cumulative)
[nb_ridge] solve class 19 2.8s (cumulative)
[nb_ridge] solve class 20 2.9s (cumulative)
[nb_ridge] solve class 21 3.0s (cumulative)
[nb_ridge] solve class 22 3.2s (cumulative)
[nb_ridge] solve class 23 3.3s (cumulative)
[nb_ridge] solve class 24 3.5s (cumulative)
[nb_ridge] solve class 25 3.6s (cumulative)
[nb_ridge] solve class 26 3.7s (cumulative)
[nb_ridge] solve class 27 3.9s (cumulative)
[nb_ridge] solve class 28 4.0s (cumulative)
[nb_ridge] solve class 29 4.1s (cumulative)
[nb_ridge] solve class 30 4.3s (cumulative)
[nb_ridge] solve class 31 4.4s (cumulative)
[nb_ridge] solve class 32 4.5s (cumulative)
[nb_ridge] solve class 33 4.7s (cumulative)
[nb_ridge] solve class 34 4.8s (cumulative)
[nb_ridge] solve class 35 5.0s (cumulative)
[nb_ridge] solve class 36 5.1s (cumulative)
[nb_ridge] solve class 37 5.2s (cumulative)
[nb_ridge] solve class 38 5.4s (cumulative)
[nb_ridge] solve class 39 5.5s (cumulative)
[nb_ridge] solve class 40 5.7s (cumulative)
[nb_ridge] solve class 41 5.8s (cumulative)
[nb_ridge] solve class 42 5.9s (cumulative)
[nb_ridge] solve class 43 6.1s (cumulative)
[nb_ridge] solve class 44 6.2s (cumulative)
[nb_ridge] solve class 45 6.4s (cumulative)
[nb_ridge] solve class 46 6.5s (cumulative)
[nb_ridge] solve class 47 6.6s (cumulative)
[nb_ridge] solve class 48 6.8s (cumulative)
[nb_ridge] solve class 49 6.9s (cumulative)
[nb_ridge] solve class 50 7.0s (cumulative)
[nb_ridge] solve class 51 7.2s (cumulative)
[nb_ridge] solve class 52 7.3s (cumulative)
[nb_ridge] solve class 53 7.5s (cumulative)
[nb_ridge] solve class 54 7.6s (cumulative)
[nb_ridge] solve class 55 7.7s (cumulative)
[nb_ridge] solve class 56 7.9s (cumulative)
[nb_ridge] solve class 57 8.0s (cumulative)
[nb_ridge] solve class 58 8.2s (cumulative)
[nb_ridge] solve class 59 8.3s (cumulative)
[nb_ridge] solve class 60 8.5s (cumulative)
[nb_ridge] solve class 61 8.6s (cumulative)
[nb_ridge] solve class 62 8.7s (cumulative)
[nb_ridge] solve class 63 8.9s (cumulative)
[nb_ridge] solve class 64 9.0s (cumulative)
[nb_ridge] solve class 65 9.2s (cumulative)
[nb_ridge] solve class 66 9.3s (cumulative)
[nb_ridge] solve class 67 9.4s (cumulative)
[nb_ridge] solve class 68 9.6s (cumulative)
[nb_ridge] solve class 69 9.7s (cumulative)
[nb_ridge] solve class 70 9.8s (cumulative)
[nb_ridge] solve class 71 10.0s (cumulative)
[nb_ridge] solve class 72 10.1s (cumulative)
[nb_ridge] solve class 73 10.3s (cumulative)
[nb_ridge] solve class 74 10.4s (cumulative)
[nb_ridge] solve class 75 10.5s (cumulative)
[nb_ridge] solve class 76 10.7s (cumulative)
    ridge-select: scale 4 → sel-slice acc 0.8400
[nb_ridge] tokenize+counts 0.0s (9593 docs, 77 classes)
[nb_ridge] solve class 0 0.2s (cumulative)
[nb_ridge] solve class 1 0.3s (cumulative)
[nb_ridge] solve class 2 0.4s (cumulative)
[nb_ridge] solve class 3 0.6s (cumulative)
[nb_ridge] solve class 4 0.7s (cumulative)
[nb_ridge] solve class 5 0.9s (cumulative)
[nb_ridge] solve class 6 1.0s (cumulative)
[nb_ridge] solve class 7 1.1s (cumulative)
[nb_ridge] solve class 8 1.3s (cumulative)
[nb_ridge] solve class 9 1.4s (cumulative)
[nb_ridge] solve class 10 1.6s (cumulative)
[nb_ridge] solve class 11 1.7s (cumulative)
[nb_ridge] solve class 12 1.8s (cumulative)
[nb_ridge] solve class 13 2.0s (cumulative)
[nb_ridge] solve class 14 2.1s (cumulative)
[nb_ridge] solve class 15 2.2s (cumulative)
[nb_ridge] solve class 16 2.4s (cumulative)
[nb_ridge] solve class 17 2.5s (cumulative)
[nb_ridge] solve class 18 2.7s (cumulative)
[nb_ridge] solve class 19 2.8s (cumulative)
[nb_ridge] solve class 20 2.9s (cumulative)
[nb_ridge] solve class 21 3.1s (cumulative)
[nb_ridge] solve class 22 3.2s (cumulative)
[nb_ridge] solve class 23 3.4s (cumulative)
[nb_ridge] solve class 24 3.5s (cumulative)
[nb_ridge] solve class 25 3.6s (cumulative)
[nb_ridge] solve class 26 3.8s (cumulative)
[nb_ridge] solve class 27 3.9s (cumulative)
[nb_ridge] solve class 28 4.0s (cumulative)
[nb_ridge] solve class 29 4.2s (cumulative)
[nb_ridge] solve class 30 4.3s (cumulative)
[nb_ridge] solve class 31 4.5s (cumulative)
[nb_ridge] solve class 32 4.6s (cumulative)
[nb_ridge] solve class 33 4.7s (cumulative)
[nb_ridge] solve class 34 4.9s (cumulative)
[nb_ridge] solve class 35 5.0s (cumulative)
[nb_ridge] solve class 36 5.2s (cumulative)
[nb_ridge] solve class 37 5.3s (cumulative)
[nb_ridge] solve class 38 5.4s (cumulative)
[nb_ridge] solve class 39 5.6s (cumulative)
[nb_ridge] solve class 40 5.7s (cumulative)
[nb_ridge] solve class 41 5.8s (cumulative)
[nb_ridge] solve class 42 6.0s (cumulative)
[nb_ridge] solve class 43 6.1s (cumulative)
[nb_ridge] solve class 44 6.3s (cumulative)
[nb_ridge] solve class 45 6.4s (cumulative)
[nb_ridge] solve class 46 6.5s (cumulative)
[nb_ridge] solve class 47 6.7s (cumulative)
[nb_ridge] solve class 48 6.8s (cumulative)
[nb_ridge] solve class 49 7.0s (cumulative)
[nb_ridge] solve class 50 7.1s (cumulative)
[nb_ridge] solve class 51 7.2s (cumulative)
[nb_ridge] solve class 52 7.4s (cumulative)
[nb_ridge] solve class 53 7.5s (cumulative)
[nb_ridge] solve class 54 7.6s (cumulative)
[nb_ridge] solve class 55 7.8s (cumulative)
[nb_ridge] solve class 56 7.9s (cumulative)
[nb_ridge] solve class 57 8.1s (cumulative)
[nb_ridge] solve class 58 8.2s (cumulative)
[nb_ridge] solve class 59 8.3s (cumulative)
[nb_ridge] solve class 60 8.5s (cumulative)
[nb_ridge] solve class 61 8.6s (cumulative)
[nb_ridge] solve class 62 8.8s (cumulative)
[nb_ridge] solve class 63 8.9s (cumulative)
[nb_ridge] solve class 64 9.0s (cumulative)
[nb_ridge] solve class 65 9.2s (cumulative)
[nb_ridge] solve class 66 9.3s (cumulative)
[nb_ridge] solve class 67 9.5s (cumulative)
[nb_ridge] solve class 68 9.6s (cumulative)
[nb_ridge] solve class 69 9.7s (cumulative)
[nb_ridge] solve class 70 9.9s (cumulative)
[nb_ridge] solve class 71 10.0s (cumulative)
[nb_ridge] solve class 72 10.2s (cumulative)
[nb_ridge] solve class 73 10.3s (cumulative)
[nb_ridge] solve class 74 10.4s (cumulative)
[nb_ridge] solve class 75 10.6s (cumulative)
[nb_ridge] solve class 76 10.7s (cumulative)
    ridge-select: scale 8 → sel-slice acc 0.8250
    ridge-select: selected 0 — the suite's row below is the single test read, at this posture
    readout-report: best-on-cal dispatch (dispatch 0.7860, max_prob 0.7860, inv_entropy 0.8070 vs dispatch 0.7860; margin 0.005; REPORT-ONLY — the arming lever is demoted, Bench 052)
    modelless: acc 0.8260 · ece(maxp) 0.8015 · p50 0.387 ms · 76.6 s
  A0 pin · ag_news: arena == reflex run() == 0.882500 · site ✓
  A0 pin · emotion: arena == reflex run() == 0.885000 · site ✓
  A0 pin · sst5: arena == reflex run() == 0.396667 · site ✓
  A0 pin · xnli_en: arena == reflex run() == 0.523333 · site ✓
  A0 pin · massive_intent_en: arena == reflex run() == 0.780000 · site ✓
  A0 pin · banking77: arena == reflex run() == 0.826000 · site ✓
A0 identity pin: all 6 arena suites — arena A0 == reflex run() at the published-posture knobs ✓
frozen predictions: .benchmarks/004_rebaseline_current_reflex/predictions.json
registration table: .benchmarks/004_rebaseline_current_reflex/registration.json
results: .benchmarks/004_rebaseline_current_reflex/RESULTS.md
=== done — results in .benchmarks/004_rebaseline_current_reflex ===
